"","公司代號","Profit_this_year_3","Profit_last_year_4","Profit_last_year_3","股東配發s盈餘分配之現金股利元股","Profit_this_year_4_P","DivideRatio","DividendPredict","收盤價","InterestRatePercent"
"1","2801",0.9,1.29,1.02,0.64,1.13823529411765,0.496124031007752,0.564705882352941,"22.85",0.0247136053546145
"2","2809",1.78,2.51,3.19,1.5,1.40056426332288,0.597609561752988,0.836990595611285,"34.05",0.0245812216038557
"3","2812",0.85,1.18,0.89,0.28,1.12696629213483,0.23728813559322,0.267415730337079,"12.10",0.0221004735815768
"4","2820",0.71,0.99,0.78,0.79,0.901153846153846,0.797979797979798,0.719102564102564,"15.05",0.0477809012692734
"5","2834",0.8,1.19,0.94,0.3,1.01276595744681,0.252100840336134,0.25531914893617,"12.65",0.0201833319317131
"6","2836",0.53,0.46,0.35,0.11,0.696571428571429,0.239130434782609,0.166571428571429,"9.85",0.0169108049311095
"7","2838",0.69,1.07,0.86,0,0.858488372093023,0,0,"11.15",0
"8","2845",0.9,1.08,0.83,0.45,1.1710843373494,0.416666666666667,0.487951807228916,"12.05",0.0404939259111133
"9","2849",0.89,1.26,0.83,1,1.3510843373494,0.793650793650794,1.07228915662651,"15.95",0.0672281602900631
"10","2897",0.43,0.4,0.3,0,0.573333333333333,0,0,"7.83",0
"11","5876",2.76,3.37,2.51,2,3.70565737051793,0.593471810089021,2.199203187251,"52.30",0.0420497741348183
"12","2855",1.22,0.87,0.88,0.69,1.20613636363636,0.793103448275862,0.956590909090909,"14.90",0.0642007321537523
"13","6005",0.76,0.61,0.7,0.4,0.662285714285714,0.655737704918033,0.434285714285714,"10.60",0.0409703504043127
"14","6024",2.57,4.73,4.26,3.4,2.85354460093897,0.718816067653277,2.05117370892019,"43.35",0.0473165792138452
"15","1101",3.24,4.37,3.35,3.3,4.22650746268657,0.755148741418764,3.19164179104478,"43.95",0.072619835973715
"16","1102",4.29,3.54,2.96,2.8,5.13060810810811,0.790960451977401,4.05810810810811,"48.80",0.0831579530350022
"17","1103",2.31,1.09,1.37,1,1.83788321167883,0.91743119266055,1.68613138686131,"21.75",0.0775232821545432
"18","1104",1.07,1.62,1.16,1,1.49431034482759,0.617283950617284,0.922413793103448,"19.45",0.0474248736814112
"19","1108",0,-0.44,-0.12,0,0,0,0,"8.37",0
"20","1109",1.87,2.38,1.4,0.8,3.179,0.336134453781513,1.06857142857143,"20.65",0.0517468004150813
"21","1110",0.07,0.12,0.16,0.1,0.0525,0.833333333333333,0.04375,"17.35",0.00252161383285303
"22","1201",2.55,1.94,2.02,0.8,2.4490099009901,0.412371134020619,1.00990099009901,"25.10",0.0402350992071319
"23","1203",1.46,1.82,1.44,1,1.84527777777778,0.549450549450549,1.01388888888889,"27.30",0.0371387871387871
"24","1210",2.32,2.75,2.12,1.5,3.00943396226415,0.545454545454545,1.64150943396226,"42.45",0.0386692446163077
"25","1213",-0.63,-1.58,-0.03,0,-33.18,0,0,"6.10",0
"26","1215",3.51,3.55,2.37,3,5.25759493670886,0.845070422535211,4.44303797468354,"65.90",0.067420910086245
"27","1216",2.85,3.07,2.61,2.5,3.35229885057471,0.814332247557003,2.72988505747126,"74.80",0.0364957895383859
"28","1217",0.2,0.1,0.13,0,0.153846153846154,0,0,"7.17",0
"29","1218",1.04,0.98,0.91,0.8,1.12,0.816326530612245,0.914285714285714,"22.30",0.0409993593850096
"30","1219",0.23,-0.03,-0.08,0.1,0.08625,-3.33333333333333,-0.2875,"18.60",-0.0154569892473118
"31","1220",0.46,0.53,0.42,0.46,0.580476190476191,0.867924528301887,0.503809523809524,"10.60",0.0475292003593891
"32","1225",1.11,1.17,0.79,1.15,1.64392405063291,0.982905982905983,1.61582278481013,"34.50",0.0468354430379747
"33","1227",2.69,3.25,2.4,2.5,3.64270833333333,0.769230769230769,2.80208333333333,"69.00",0.0406099033816425
"34","1229",2.1,2.35,1.84,1.6,2.6820652173913,0.680851063829787,1.82608695652174,"37.05",0.0492870973420173
"35","1231",1.76,3.26,2.22,1.8,2.5845045045045,0.552147239263804,1.42702702702703,"41.75",0.0341802880725036
"36","1232",4.63,5.67,3.9,5,6.73130769230769,0.881834215167549,5.93589743589744,"121.50",0.048855122929197
"37","1233",1.38,1.93,1.56,1.9,1.70730769230769,0.984455958549223,1.68076923076923,"39.80",0.042230382682644
"38","1234",1.7,1.73,1.43,1.6,2.05664335664336,0.92485549132948,1.9020979020979,"32.70",0.058168131562627
"39","1235",0.54,1.25,1.8,0,0.375,0,0,"22.00",0
"40","1236",-0.3,0.12,-0.33,0.4,0.109090909090909,3.33333333333333,0.363636363636364,"13.65",0.0266400266400266
"41","1256",13.66,14.35,12.47,6.2,15.7194065757819,0.43205574912892,6.79165998396151,"222.00",0.0305930629908176
"42","1301",5.37,7.78,7.42,5.8,5.63053908355795,0.745501285347044,4.19757412398922,"101.50",0.0413554100885637
"43","1303",2.39,6.65,6.1,5,2.60549180327869,0.75187969924812,1.95901639344262,"73.20",0.0267625190361014
"44","1304",0.93,0.5,0.6,0.3,0.775,0.6,0.465,"14.05",0.0330960854092527
"45","1305",0.77,2.52,2.3,1.5,0.843652173913044,0.595238095238095,0.502173913043478,"21.80",0.0230355005983247
"46","1307",0.86,0.76,0.59,0.5,1.10779661016949,0.657894736842105,0.728813559322034,"23.70",0.0307516269756132
"47","1308",0.99,0.52,0.48,0.3,1.0725,0.576923076923077,0.61875,"16.00",0.038671875
"48","1309",0.94,0.63,1.17,0.2,0.506153846153846,0.317460317460317,0.160683760683761,"11.60",0.013852048334807
"49","1310",1.61,2.3,2.2,2,1.68318181818182,0.869565217391304,1.46363636363636,"21.10",0.0693666523050409
"50","1312",1.95,3.26,3,0,2.119,0,0,"19.40",0
"51","1313",-0.05,0.59,0.68,0.2,-0.0433823529411765,0.338983050847458,-0.0147058823529412,"11.55",-0.00127323656735421
"52","1314",0.4,1.59,1.47,0.5,0.43265306122449,0.314465408805031,0.136054421768707,"9.70",0.0140262290483204
"53","1315",3.94,1.2,1.47,1.2,3.21632653061224,1,3.21632653061224,"47.70",0.0674282291532965
"54","1316",-0.81,1.39,2.24,1.14,-0.502633928571429,0.820143884892086,-0.412232142857143,"14.00",-0.0294451530612245
"55","1319",2.5,3.26,2.44,1.7,3.34016393442623,0.521472392638037,1.74180327868852,"46.50",0.0374581350255597
"56","1321",0.56,-0.33,0.09,0,-2.05333333333333,0,0,"39.10",0
"57","1323",2.36,3.32,2.45,1.8,3.19804081632653,0.542168674698795,1.73387755102041,"34.00",0.0509963985594238
"58","1324",-0.02,0.02,0.05,0.3,-0.008,15,-0.12,"9.68",-0.012396694214876
"59","1325",0.33,0.7,0.53,0.5,0.435849056603774,0.714285714285714,0.311320754716981,"17.30",0.0179954193478024
"60","1326",4.63,8.36,8.06,6.2,4.80233250620347,0.741626794258373,3.56153846153846,"88.60",0.0401979510331655
"61","1337",-1.96,-7.02,-1.74,0,-7.90758620689655,0,0,"6.02",0
"62","1338",3.22,6.51,5.23,3.5,4.00806883365201,0.537634408602151,2.15487571701721,"67.40",0.031971449807377
"63","1339",4.75,4.15,4.01,2,4.91583541147132,0.481927710843373,2.36907730673317,"55.40",0.0427631282803821
"64","1340",-1.4,0.97,1.47,0.2,-0.923809523809524,0.206185567010309,-0.19047619047619,"16.15",-0.0117941913607548
"65","1341",4.19,3.68,2.23,1,6.91443946188341,0.271739130434783,1.87892376681614,"61.60",0.0305020092015608
"66","1402",1.69,2.41,2.17,1.8,1.87691244239631,0.746887966804979,1.40184331797235,"30.00",0.0467281105990783
"67","1410",0.76,1.44,1.09,1.3,1.00403669724771,0.902777777777778,0.906422018348624,"32.60",0.0278043563910621
"68","1413",0.62,1.83,1.35,0,0.840444444444444,0,0,"9.50",0
"69","1414",-0.06,0.17,0.17,0.2,-0.06,1.17647058823529,-0.0705882352941176,"7.35",-0.00960384153661465
"70","1416",-0.21,1.35,0.26,1.2,-1.09038461538462,0.888888888888889,-0.969230769230769,"13.45",-0.0720617672290535
"71","1417",-0.21,-0.61,-0.39,0,-0.328461538461538,0,0,"10.10",0
"72","1418",-2.87,-4.01,-2.82,0,-4.08109929078014,0,0,"6.01",0
"73","1419",1.13,0.94,0.85,0.84752263,1.24964705882353,0.901619819148936,1.12670655517647,"--",NA
"74","1423",-0.21,0.64,0.54,0,-0.248888888888889,0,0,"10.45",0
"75","1432",-1,-1.1,-0.72,0,-1.52777777777778,0,0,"6.83",0
"76","1434",1.93,2.82,2.72,2.1,2.00095588235294,0.74468085106383,1.49007352941176,"34.25",0.0435057964791756
"77","1435",0.09,-0.1,-0.02,0,0.45,0,0,"7.36",0
"78","1436",0.29,4.48,2.93,2,0.443412969283276,0.446428571428571,0.197952218430034,"40.45",0.00489375076464856
"79","1437",4.04,1.23,1.05,0.5,4.73257142857143,0.40650406504065,1.92380952380952,"24.80",0.0775729646697389
"80","1438",-0.09,-0.12,-0.04,0,-0.27,0,0,"13.25",0
"81","1439",9.97,-0.75,-0.47,0,15.9095744680851,0,0,"32.55",0
"82","1440",0.04,0.65,0.69,0.4,0.0376811594202899,0.615384615384615,0.0231884057971015,"10.50",0.00220841959972395
"83","1441",-2.33,11.66,13.69,0.4,-1.98449963476991,0.0343053173241852,-0.0680788897005113,"8.84",-0.00770123186657368
"84","1442",0.36,0.4,0.5,1,0.288,2.5,0.72,"19.65",0.0366412213740458
"85","1443",-0.04,-2.38,-2.17,0,-0.0438709677419355,0,0,"9.69",0
"86","1444",0.38,0.44,0.47,0.4,0.355744680851064,0.909090909090909,0.323404255319149,"9.52",0.0339710352225997
"87","1445",-0.21,-0.17,-0.13,0,-0.274615384615385,0,0,"7.25",0
"88","1446",-0.21,-0.21,-0.28,0,-0.1575,0,0,"38.10",0
"89","1447",0.17,0.19,0.53,0.2,0.0609433962264151,1.05263157894737,0.0641509433962264,"6.97",0.0092038656235619
"90","1449",0,-0.85,-0.51,0,0,0,0,"12.05",0
"91","1451",-0.09,2.03,1.4,2,-0.1305,0.985221674876847,-0.128571428571429,"21.10",-0.00609343263371699
"92","1452",1.04,1.47,1.24,1.4,1.23290322580645,0.952380952380952,1.1741935483871,"18.70",0.0627910988442298
"93","1453",-0.01,3.74,3.97,0,-0.00942065491183879,0,0,"8.07",0
"94","1454",0.29,0.15,0.2,0.09572374,0.2175,0.638158266666667,0.138799423,"7.82",0.0177492868286445
"95","1455",-0.16,0.15,0.55,0.2,-0.0436363636363636,1.33333333333333,-0.0581818181818182,"7.99",-0.00728182955967687
"96","1456",-0.04,0.13,-0.23,0,0.0226086956521739,0,0,"11.95",0
"97","1457",1.25,2.13,1.95,0.7,1.36538461538462,0.328638497652582,0.448717948717949,"14.40",0.0311609686609687
"98","1459",-0.35,-1.18,0.34,0,1.21470588235294,0,0,"7.43",0
"99","1460",-0.13,0.33,0.31,0,-0.138387096774194,0,0,"9.15",0
"100","1463",0.66,1.62,1.42,1.4,0.752957746478873,0.864197530864197,0.650704225352113,"13.05",0.0498623927472883
"101","1464",1.24,0.61,0.45,0.55,1.68088888888889,0.901639344262295,1.51555555555556,"25.90",0.0585156585156585
"102","1465",3.72,-0.12,0.04,0,-11.16,0,0,"15.45",0
"103","1466",-0.12,-0.94,-0.61,0,-0.184918032786885,0,0,"7.59",0
"104","1467",-0.1,-0.29,-0.63,0,-0.046031746031746,0,0,"8.53",0
"105","1468",0.28,0.24,0.25,0,0.2688,0,0,"10.00",0
"106","1470",0.72,0.57,0.37,0.4,1.10918918918919,0.701754385964912,0.778378378378378,"20.80",0.0374220374220374
"107","1471",-2,-2.13,-1.11,0,-3.83783783783784,0,0,"2.69",0
"108","1472",1.9,-1.59,-1.41,0,2.14255319148936,0,0,"26.50",0
"109","1473",0.61,0.54,-0.1,0.5,-3.294,0.925925925925926,-3.05,"24.95",-0.122244488977956
"110","1474",-0.07,0.87,0.56,0.3,-0.10875,0.344827586206897,-0.0375,"9.62",-0.0038981288981289
"111","1475",-1.13,-4.02,-3.12,0,-1.45596153846154,0,0,"3.92",0
"112","1476",11.53,15.96,11.43,11,16.0996325459318,0.68922305764411,11.0962379702537,"408.00",0.0271966616917983
"113","1477",6.77,7.2,5.34,7.1,9.12808988764045,0.986111111111111,9.00131086142322,"155.00",0.0580729732995047
"114","1503",2.51,2.72,2.23,1.5,3.06152466367713,0.551470588235294,1.68834080717489,"45.35",0.0372291247447605
"115","1504",1.33,1.59,1.24,0.9,1.70540322580645,0.566037735849057,0.965322580645161,"26.75",0.0360868254446789
"116","1506",-1.37,-0.95,0.01,0,130.15,0,0,"14.70",0
"117","1507",1.79,1.65,1.44,1.8,2.05104166666667,1.09090909090909,2.2375,"64.70",0.0345826893353941
"118","1512",-0.48,-0.94,-0.51,0,-0.884705882352941,0,0,"3.98",0
"119","1513",1.22,1.33,1.06,1,1.53075471698113,0.75187969924812,1.15094339622642,"25.60",0.0449587264150943
"120","1514",1.09,1.09,0.72,0.7,1.65013888888889,0.642201834862385,1.05972222222222,"18.00",0.0588734567901235
"121","1515",6,2.2,0.84,2,15.7142857142857,0.909090909090909,14.2857142857143,"71.70",0.199242877067145
"122","1516",0.25,0.51,0.56,0,0.227678571428571,0,0,"15.40",0
"123","1517",0.07,0.41,0.45,0.25,0.0637777777777778,0.609756097560976,0.0388888888888889,"9.14",0.00425480184779966
"124","1519",0.83,0.23,-0.39,0.3,-0.489487179487179,1.30434782608696,-0.638461538461538,"28.30",-0.0225604783908671
"125","1521",4.06,4.19,3.24,3.8,5.25043209876543,0.906921241050119,4.76172839506173,"64.80",0.073483462886755
"126","1522",1.88,2,1.62,1.3,2.32098765432099,0.65,1.50864197530864,"28.85",0.0522926161285491
"127","1524",0.64,1.09,0.79,0.5,0.883037974683544,0.458715596330275,0.40506329113924,"9.94",0.0407508341186359
"128","1525",2.7,6.17,4.05,1.8,4.11333333333333,0.291734197730956,1.2,"55.90",0.0214669051878354
"129","1526",0.98,2.69,2.01,1,1.31154228855721,0.371747211895911,0.487562189054726,"23.85",0.0204428590798627
"130","1527",4.72,7.48,5.48,4,6.44262773722628,0.53475935828877,3.44525547445255,"49.00",0.0703113362133174
"131","1528",-0.71,0.22,0.35,0.13,-0.446285714285714,0.590909090909091,-0.263714285714286,"9.20",-0.0286645962732919
"132","1529",0.07,0.71,0.41,0.2,0.121219512195122,0.28169014084507,0.0341463414634146,"17.30",0.00197377696320316
"133","1530",1.4,3.45,2.42,2,1.99586776859504,0.579710144927536,1.15702479338843,"30.50",0.0379352391274895
"134","1531",0.31,0.68,0.53,0.5,0.397735849056604,0.735294117647059,0.292452830188679,"15.20",0.019240317775571
"135","1532",1.07,4.76,3.52,2.7,1.44693181818182,0.567226890756303,0.820738636363637,"30.95",0.0265182111910706
"136","1533",1.71,2.71,1.9,0.8,2.439,0.29520295202952,0.72,"37.00",0.0194594594594595
"137","1535",0.7,0.79,0.47,1.1,1.17659574468085,1.39240506329114,1.63829787234043,"35.25",0.046476535385544
"138","1536",2.21,4.85,3.83,3.5,2.79856396866841,0.721649484536083,2.01958224543081,"121.00",0.0166907623589323
"139","1537",9.38,12.03,9.61,10,11.7420811654527,0.831255195344971,9.76066597294485,"148.50",0.065728390390201
"140","1538",-1.11,-1.77,-1.23,0,-1.59731707317073,0,0,"4.80",0
"141","1539",1.39,5.07,1.54,1.8,4.57616883116883,0.355029585798817,1.62467532467532,"20.25",0.0802308802308802
"142","1540",1.68,1.59,1.14,1.35,2.34315789473684,0.849056603773585,1.98947368421053,"19.35",0.10281517747858
"143","1541",2.53,1,1.36,1,1.86029411764706,1,1.86029411764706,"37.20",0.0500079063883618
"144","1558",9.25,15.26,12.73,11,11.0883739198743,0.72083879423329,7.99293008641006,"133.50",0.059872135478727
"145","1560",2.64,4.92,3.44,3.5,3.77581395348837,0.711382113821138,2.68604651162791,"67.40",0.0398523221309778
"146","1568",0.24,0.92,0.92,0.65,0.24,0.706521739130435,0.169565217391304,"19.45",0.00871800603554264
"147","1582",5.7,5.88,4.09,6.5,8.19462102689486,1.10544217687075,9.05867970660147,"91.00",0.0995459308417744
"148","1583",2.37,5.41,3.9,3,3.28761538461539,0.55452865064695,1.82307692307692,"60.00",0.0303846153846154
"149","1587",0.08,0.6,-0.02,0.1,-2.4,0.166666666666667,-0.4,"14.75",-0.0271186440677966
"150","1589",-0.08,-2.48,-1.92,0,-0.103333333333333,0,0,"61.40",0
"151","1590",10.04,15.02,11.42,5.27336,13.2049737302977,0.351089214380826,4.63612385288967,"450.00",0.0103024974508659
"152","1592",-2.29,-3.53,-2.11,0,-3.83113744075829,0,0,"16.80",0
"153","1598",1.23,1.2,0.08,0.35,18.45,0.291666666666667,5.38125,"40.35",0.133364312267658
"154","1603",0.93,0.82,0.71,0.5,1.07408450704225,0.609756097560976,0.654929577464789,"27.80",0.0235586178944169
"155","1604",1.96,1.52,1.41,1.4,2.11290780141844,0.921052631578947,1.94609929078014,"20.20",0.0963415490485219
"156","1605",0.66,3.53,3.16,1.2,0.737278481012658,0.339943342776204,0.250632911392405,"15.30",0.0163812360387193
"157","1608",0.62,-1.46,-1.07,0,0.845981308411215,0,0,"9.91",0
"158","1609",0.56,0.83,0.73,0.3,0.636712328767123,0.36144578313253,0.23013698630137,"11.50",0.020011911852293
"159","1611",0.06,0.17,-0.18,0.15,-0.0566666666666667,0.88235294117647,-0.05,"11.25",-0.00444444444444444
"160","1612",0.53,0.39,0.44,0.32,0.469772727272727,0.82051282051282,0.385454545454545,"11.05",0.034882764294529
"161","1614",0.66,0.78,0.66,0.90859895,0.78,1.16487044871795,0.90859895,"31.35",0.0289824226475279
"162","1615",1.33,1.76,1.38,1.35,1.69623188405797,0.767045454545455,1.30108695652174,"17.90",0.0726864221520525
"163","1616",-0.17,0.06,0.1,0,-0.102,0,0,"4.87",0
"164","1617",0.52,1.5,1.18,1,0.661016949152542,0.666666666666667,0.440677966101695,"12.10",0.0364196666199748
"165","1618",0.11,-0.04,0.25,0,-0.0176,0,0,"9.39",0
"166","1626",2.48,-0.12,-1,0,0.2976,0,0,"28.90",0
"167","1701",1.06,1.24,1.09,0.8,1.20587155963303,0.645161290322581,0.777981651376147,"19.40",0.0401021469781519
"168","1702",2.5,4.09,2.72,2.7,3.75919117647059,0.660146699266504,2.48161764705882,"51.10",0.0485639461263958
"169","1707",6.49,9.57,6.57,6.5,9.4534703196347,0.679205851619645,6.42085235920852,"195.50",0.0328432345739566
"170","1708",0.95,1.74,1.49,0.5,1.10939597315436,0.28735632183908,0.318791946308725,"25.65",0.0124285359184688
"171","1709",0.36,0.77,0.88,0.5,0.315,0.649350649350649,0.204545454545455,"12.90",0.0158562367864693
"172","1710",0.09,2.01,1.88,1.75,0.0962234042553191,0.870646766169154,0.0837765957446809,"21.05",0.00397988578359529
"173","1711",0.57,0.73,0.62,0.5,0.671129032258064,0.684931506849315,0.459677419354839,"15.70",0.0292788165194165
"174","1712",1.2,1.74,1.4,1.3,1.49142857142857,0.747126436781609,1.11428571428571,"19.05",0.0584926884139483
"175","1713",0.43,0.76,0.66,0.71,0.495151515151515,0.934210526315789,0.462575757575757,"18.20",0.0254162504162504
"176","1714",0.13,0.26,0.16,0.15,0.21125,0.576923076923077,0.121875,"7.09",0.0171897038081805
"177","1717",1.54,1.25,1.09,0.9,1.76605504587156,0.72,1.27155963302752,"26.75",0.0475349395524308
"178","1720",1.56,2.09,1.57,1.5,2.07668789808917,0.717703349282297,1.49044585987261,"33.75",0.0441613588110403
"179","1721",0.01,0.07,0.03,0,0.0233333333333333,0,0,"8.82",0
"180","1722",1.58,2.33,1.68,2.2,2.19130952380952,0.944206008583691,2.06904761904762,"49.40",0.0418835550414498
"181","1723",4.91,6.5,4.94,5.3,6.46052631578947,0.815384615384615,5.26781376518219,"125.00",0.0421425101214575
"182","1724",0.48,0.76,0.43,0.5,0.848372093023256,0.657894736842105,0.558139534883721,"12.95",0.0430995779832989
"183","1725",0.97,1.2,1.05,0.84,1.10857142857143,0.7,0.776,"14.85",0.0522558922558923
"184","1726",2.85,4.61,3.74,3.5,3.5129679144385,0.759219088937093,2.66711229946524,"70.40",0.0378851178901312
"185","1727",0.2,0.9,0.71,0.6,0.253521126760563,0.666666666666667,0.169014084507042,"12.00",0.0140845070422535
"186","1730",4.62,4.96,3.33,3.5,6.88144144144144,0.705645161290323,4.85585585585586,"72.70",0.0667930654175496
"187","1731",0.74,0.57,0.64,0.3,0.6590625,0.526315789473684,0.346875,"13.30",0.0260808270676692
"188","1732",0.35,0.16,0,0,Inf,0,NA,"12.20",NA
"189","1733",0.33,0.95,1.33,0.85,0.235714285714286,0.894736842105263,0.210902255639098,"28.00",0.00753222341568206
"190","1734",-0.12,0.05,0.01,0.1,-0.6,2,-1.2,"19.40",-0.0618556701030928
"191","1735",0.96,0.1,0.04,0.15,2.4,1.5,3.6,"17.55",0.205128205128205
"192","1736",1.94,1.29,-0.5,0.65,-5.0052,0.503875968992248,-2.522,"83.30",-0.0302761104441777
"193","1737",1.35,2.26,1.94,1.8,1.57268041237113,0.796460176991151,1.25257731958763,"32.55",0.0384816380825693
"194","1760",1.36,2.09,0.88,1.76,3.23,0.842105263157895,2.72,"86.40",0.0314814814814815
"195","1762",1.03,3.02,3.07,1.2,1.01322475570033,0.397350993377483,0.402605863192182,"35.50",0.0113410102307657
"196","1773",4.21,6.2,4.67,5,5.58929336188437,0.806451612903226,4.50749464668094,"95.60",0.0471495255928969
"197","1776",0.65,-0.49,-0.32,0,0.9953125,0,0,"16.20",0
"198","1783",0.76,0.82,0.72,0.68049822,0.865555555555556,0.829875878048781,0.718303676666667,"25.05",0.0286747974717232
"199","1786",1.4,1.66,1.06,0.85456,2.19245283018868,0.514795180722892,1.1286641509434,"72.90",0.0154823614669876
"200","1789",0.21,0.56,0.44,0.49,0.267272727272727,0.875,0.233863636363636,"26.00",0.00899475524475524
"201","1795",2.17,0.42,0.11,0,8.28545454545455,0,0,"116.50",0
"202","1802",-0.51,0.37,0.36,0.3,-0.524166666666667,0.810810810810811,-0.425,"11.40",-0.037280701754386
"203","1805",-0.7,-1.17,-0.87,0,-0.941379310344828,0,0,"9.20",0
"204","1806",-0.81,-1.32,-0.93,0,-1.14967741935484,0,0,"6.80",0
"205","1808",-0.55,8.11,7.79,6.4,-0.572593068035943,0.789149198520345,-0.45186136071887,"61.70",-0.00732352286416321
"206","1809",-0.14,0,0.08,0.2,0,Inf,NA,"12.10",NA
"207","1810",0.08,-0.18,-0.09,0.2,0.16,-1.11111111111111,-0.177777777777778,"8.39",-0.0211892464574229
"208","1817",1.7,3.5,2.4,2.3,2.47916666666667,0.657142857142857,1.62916666666667,"35.40",0.0460216572504708
"209","1902",0.66,1.03,0.99,0.35,0.686666666666667,0.339805825242718,0.233333333333333,"21.30",0.0109546165884194
"210","1903",-0.5,-0.64,-0.51,0,-0.627450980392157,0,0,"34.05",0
"211","1904",1.38,3.38,3.06,1.1,1.5243137254902,0.325443786982249,0.496078431372549,"19.40",0.0255710531635335
"212","1905",-0.03,0.4,0.32,0.35,-0.0375,0.875,-0.0328125,"9.05",-0.00362569060773481
"213","1906",0.91,3.32,2.87,0.5,1.05268292682927,0.150602409638554,0.158536585365854,"14.30",0.0110864745011086
"214","1907",1.11,0.87,0.81,0.6,1.19222222222222,0.689655172413793,0.822222222222222,"13.55",0.0606806068060681
"215","1909",0.01,0.82,0.84,0.5,0.00976190476190476,0.609756097560976,0.00595238095238095,"15.70",0.00037913254473764
"216","2002",0.6,1.58,1.19,1,0.796638655462185,0.632911392405063,0.504201680672269,"24.10",0.0209212315631647
"217","2006",1.1,0.88,0.79,1.2,1.2253164556962,1.36363636363636,1.67088607594937,"23.35",0.071558290190551
"218","2007",-0.83,0.03,0.07,0,-0.355714285714286,0,0,"4.30",0
"219","2008",-0.33,-0.88,-0.84,0,-0.345714285714286,0,0,"12.40",0
"220","2009",-0.31,0.24,0.28,0,-0.265714285714286,0,0,"9.58",0
"221","2010",0.24,0.39,0.37,0.56,0.252972972972973,1.43589743589744,0.363243243243243,"10.20",0.0356120826709062
"222","2012",1.32,1.74,1.23,1.3,1.86731707317073,0.747126436781609,1.39512195121951,"20.25",0.0688949111713339
"223","2013",0.4,0.61,0.46,0.47,0.530434782608696,0.770491803278688,0.408695652173913,"25.15",0.0162503241421039
"224","2014",0.29,2.11,1.72,0.1,0.355755813953488,0.04739336492891,0.0168604651162791,"10.50",0.00160575858250277
"225","2015",2.55,5.06,3.65,4,3.53506849315068,0.790513833992095,2.79452054794521,"54.30",0.0514644668129872
"226","2017",-0.29,0.51,0.39,0.4,-0.379230769230769,0.784313725490196,-0.297435897435897,"6.72",-0.0442612942612943
"227","2020",1.63,1.34,1.34,1.4,1.63,1.04477611940298,1.70298507462687,"15.60",0.109165709911979
"228","2022",-0.34,-0.11,0.06,0,0.623333333333333,0,0,"5.50",0
"229","2023",-0.52,0.16,0.47,0.1,-0.177021276595745,0.625,-0.11063829787234,"9.34",-0.0118456421704861
"230","2024",0.2,0.77,0.7,0.6,0.22,0.779220779220779,0.171428571428571,"12.50",0.0137142857142857
"231","2025",-0.47,-1.83,-1.54,0,-0.558506493506494,0,0,"2.05",0
"232","2027",1.66,5.83,4.82,3,2.00784232365145,0.514579759862779,1.03319502074689,"31.40",0.0329043000237862
"233","2028",0.55,1.58,1.23,0,0.706504065040651,0,0,"10.40",0
"234","2029",0.14,0.33,0.34,0.25,0.135882352941176,0.757575757575758,0.102941176470588,"19.60",0.00525210084033613
"235","2030",0.72,1.97,1.68,1,0.844285714285714,0.50761421319797,0.428571428571428,"12.45",0.0344234079173838
"236","2031",0.55,3.17,4.49,1.5,0.388307349665924,0.473186119873817,0.183741648106904,"31.60",0.0058146091173071
"237","2032",0.34,0.13,0.14,0.13,0.315714285714286,1,0.315714285714286,"9.25",0.0341312741312741
"238","2033",0.01,0.15,0.16,0.2,0.009375,1.33333333333333,0.0125,"9.13",0.00136911281489595
"239","2034",1.6,2.23,2.01,1.8,1.77512437810945,0.807174887892377,1.43283582089552,"26.00",0.0551090700344432
"240","2038",-0.86,-1.09,-0.26,0,-3.60538461538462,0,0,"7.11",0
"241","2049",5.9,18.44,15.59,7,6.97857601026299,0.379609544468547,2.64913406029506,"279.50",0.00947811828370326
"242","2059",13.02,18.64,13.53,9.5,17.9373835920177,0.509656652360515,9.14190687361419,"353.00",0.025897753183043
"243","2062",0.42,0.68,0.66,0.3,0.432727272727273,0.441176470588235,0.190909090909091,"28.00",0.00681818181818182
"244","2069",-0.2,5.9,6.74,2.5,-0.175074183976261,0.423728813559322,-0.0741839762611276,"19.00",-0.00390441980321724
"245","2101",1.26,0.23,0.23,0.1925,1.26,0.83695652173913,1.0545652173913,NA,NA
"246","2102",-0.69,-2.67,-1.46,0,-1.26184931506849,0,0,"13.70",0
"247","2103",0.77,1.44,1,0.98,1.1088,0.680555555555556,0.7546,"24.10",0.0313112033195021
"248","2104",1.58,4.18,3.88,1.5,1.70216494845361,0.358851674641148,0.610824742268041,"31.70",0.0192689193144493
"249","2105",0.93,1.09,0.93,1.1,1.09,1.00917431192661,1.1,"41.95",0.0262216924910608
"250","2106",1.08,0.79,0.69,1,1.23652173913044,1.26582278481013,1.56521739130435,"30.70",0.0509842798470472
"251","2107",1.28,0.59,0.52,0.68,1.45230769230769,1.15254237288136,1.67384615384615,"18.80",0.0890343698854337
"252","2108",2.28,3.12,2.37,1.8,3.00151898734177,0.576923076923077,1.73164556962025,"30.20",0.0573392572721938
"253","2109",-0.11,-0.76,-0.78,0,-0.107179487179487,0,0,"11.10",0
"254","2114",4.18,5.85,4.49,5,5.44610244988864,0.854700854700855,4.65478841870824,"82.60",0.0563533706865404
"255","2115",2,2.54,1.61,1.00000004,3.15527950310559,0.393700803149606,1.24223607453416,"41.45",0.0299695072263971
"256","2201",-1.7,1.39,1.11,0.67,-2.12882882882883,0.482014388489209,-1.02612612612613,"19.50",-0.0526218526218526
"257","2204",0.29,2.64,2.14,1.7,0.357757009345794,0.643939393939394,0.230373831775701,"39.00",0.00590702132758207
"258","2206",2.84,1.26,2.09,1,1.71215311004785,0.793650793650794,1.35885167464115,"21.20",0.0640967771057145
"259","2208",-1.72,-8.87,-6.71,0,-2.27368107302534,0,0,"26.95",0
"260","2227",16.88,19.63,14.52,17.67,22.8205509641873,0.900152827305145,20.5419834710744,"285.50",0.0719509053277561
"261","2228",6.02,6.63,5.08,5,7.85681102362205,0.754147812971342,5.9251968503937,"117.50",0.0504272072373932
"262","2231",7.32,9.48,7.33,7.8,9.46706684856753,0.822784810126582,7.7893587994543,"248.00",0.0314087048365093
"263","2233",4.11,7.05,5.54,4,5.23023465703971,0.567375886524823,2.96750902527076,"72.40",0.0409876937192094
"264","2236",1.12,3.57,2.14,0.10244247,1.86841121495327,0.0286953697478992,0.0536147506542056,"23.25",0.00230601078082605
"265","2239",4.14,9.89,8.28,4.5,4.945,0.455005055611729,2.25,"94.60",0.023784355179704
"266","2243",-1.7,-0.82,0.56,0,2.48928571428571,0,0,"14.45",0
"267","2301",3,3.42,2.34,2.92,4.38461538461539,0.853801169590643,3.74358974358974,"49.70",0.0753237372955683
"268","2302",0.08,0.17,0.12,0,0.113333333333333,0,0,"7.98",0
"269","2303",0.5,0.58,0.73,0.58,0.397260273972603,1,0.397260273972603,"16.30",0.0243717959492394
"270","2305",-0.03,-0.1,-0.12,0,-0.025,0,0,"6.85",0
"271","2308",6.94,7,4.68,5,10.3803418803419,0.714285714285714,7.41452991452992,"151.50",0.048940791515049
"272","2312",0.46,0.41,0.32,0.3,0.589375,0.731707317073171,0.43125,"13.05",0.0330459770114942
"273","2313",2,2.01,1.65,0.8,2.43636363636364,0.398009950248756,0.96969696969697,"43.85",0.0221139559794064
"274","2314",-0.09,0.23,0.14,0.2,-0.147857142857143,0.869565217391304,-0.128571428571429,"24.55",-0.00523712540005819
"275","2316",2.1,1.34,0.66,1,4.26363636363636,0.746268656716418,3.18181818181818,"35.05",0.0907794060433148
"276","2317",4.87,8.03,3.95,4,9.90027848101266,0.49813200498132,4.93164556962025,"91.60",0.0538389254325355
"277","2321",-0.59,-0.32,-0.22,0,-0.858181818181818,0,0,"1.34",0
"278","2323",0.13,0.24,-0.38,0,-0.0821052631578947,0,0,"9.62",0
"279","2324",1.13,2.05,1.66,1,1.39548192771084,0.487804878048781,0.680722891566265,"18.90",0.0360170842098553
"280","2327",14.26,80.3,70.29,44.3,16.2907668231612,0.551681195516812,8.98730971688718,"468.00",0.0192036532412119
"281","2328",1.9,2.29,1.83,1.1,2.3775956284153,0.480349344978166,1.14207650273224,"23.10",0.0494405412438199
"282","2329",0.98,-0.2,-0.31,0,0.632258064516129,0,0,"15.00",0
"283","2330",8.84,13.54,9.69,8,12.3522807017544,0.590841949778434,7.29824561403509,"339.50",0.0214970415730047
"284","2331",-0.08,0.04,-0.1,0,0.032,0,0,"13.60",0
"285","2332",-0.73,0.16,-0.05,0,2.336,0,0,"13.70",0
"286","2337",1.23,4.94,3.37,1.2,1.80302670623145,0.242914979757085,0.437982195845697,"38.00",0.0115258472590973
"287","2338",1.57,1.02,1.13,0.834,1.41716814159292,0.817647058823529,1.15874336283186,"33.50",0.0345893541143838
"288","2340",1.07,1.47,1.09,0.5,1.44302752293578,0.340136054421769,0.490825688073394,"25.35",0.0193619600817907
"289","2342",-1.67,1.54,1.29,0.27,-1.99364341085271,0.175324675324675,-0.34953488372093,"20.15",-0.017346644353396
"290","2344",0.37,1.87,1.65,1,0.419333333333333,0.53475935828877,0.224242424242424,"19.90",0.0112684635297701
"291","2345",6.97,5.33,3.89,4,9.55015424164525,0.75046904315197,7.16709511568123,"171.50",0.0417906420739431
"292","2347",2.92,3.96,3.16,2,3.65924050632911,0.505050505050505,1.84810126582278,"37.50",0.0492827004219409
"293","2348",3.99,5.39,4.19,3.8,5.13272076372315,0.705009276437848,3.61861575178998,"56.40",0.0641598537551414
"294","2349",-0.41,-1.01,-0.62,0,-0.667903225806452,0,0,"7.02",0
"295","2351",2.39,4.55,3.43,2.8,3.17040816326531,0.615384615384615,1.95102040816327,"67.50",0.0289040060468632
"296","2352",1.5,2.05,1.52,0.85,2.02302631578947,0.414634146341463,0.838815789473684,"21.15",0.0396603210153042
"297","2353",0.76,1.01,0.83,0.77,0.924819277108434,0.762376237623762,0.705060240963855,"17.90",0.0393888402773104
"298","2354",3.77,6.47,3.82,3.2,6.38531413612565,0.494590417310665,3.15811518324607,"66.60",0.0474191468955867
"299","2355",1.2,0.41,0,0.5,Inf,1.21951219512195,Inf,"32.05",Inf
"300","2356",1.15,1.81,1.42,1.5,1.46584507042253,0.828729281767956,1.21478873239437,"22.95",0.0529319709104299
"301","2357",12.79,5.7,9.5,15,7.674,2.63157894736842,20.1947368421053,"234.00",0.086302294197031
"302","2358",0.02,0.77,0.48,0,0.0320833333333333,0,0,"16.75",0
"303","2359",1.58,1.65,0.95,1.1,2.74421052631579,0.666666666666667,1.82947368421053,"21.50",0.0850917992656059
"304","2360",3.03,6.22,5.06,4.17782622,3.72462450592885,0.671676241157556,2.50174178786561,"148.00",0.0169036607288217
"305","2362",2,2.32,2.26,0.2,2.05309734513274,0.0862068965517241,0.176991150442478,"36.90",0.00479650814207257
"306","2363",-0.2,-0.32,-0.08,0,-0.8,0,0,"8.65",0
"307","2364",-0.27,-0.35,-0.34,0,-0.277941176470588,0,0,"2.10",0
"308","2365",0.13,0.4,0.45,0,0.115555555555556,0,0,"8.38",0
"309","2367",2.23,1.06,0.61,0.4,3.87508196721311,0.377358490566038,1.46229508196721,"33.35",0.0438469289945191
"310","2368",-0.36,0.42,0.38,0,-0.397894736842105,0,0,"16.85",0
"311","2369",-1.18,-0.55,-0.3,0,-2.16333333333333,0,0,"10.35",0
"312","2371",0.44,-4.75,-1.83,0,1.14207650273224,0,0,"20.70",0
"313","2373",4.53,6.78,5.02,6,6.11820717131474,0.884955752212389,5.41434262948207,"90.70",0.0596950675797362
"314","2374",-0.64,-1.64,-1.26,0.5,-0.833015873015873,-0.304878048780488,0.253968253968254,"16.35",0.0155332265424008
"315","2375",2.17,19.11,18.81,3,2.20460925039872,0.156985871271586,0.346092503987241,"45.95",0.00753193697469512
"316","2376",2.44,4.04,3.82,3,2.58052356020942,0.742574257425743,1.91623036649215,"50.20",0.038171919651238
"317","2377",5.06,7.15,6.35,4.5,5.69748031496063,0.629370629370629,3.58582677165354,"89.20",0.0401998517001518
"318","2379",10.13,8.57,6.41,6,13.5435413416537,0.700116686114352,9.4820592823713,"250.00",0.0379282371294852
"319","2380",-2.02,-2.05,-1.56,0,-2.65448717948718,0,0,"4.17",0
"320","2382",2.97,3.92,2.85,3.55,4.08505263157895,0.905612244897959,3.69947368421053,"64.20",0.0576242006886375
"321","2383",6.59,5.48,4.15,3.8,8.70197590361446,0.693430656934306,6.03421686746988,"133.00",0.0453700516351119
"322","2385",6.65,5.22,3.93,3.8,8.83282442748092,0.727969348659004,6.43002544529262,"88.20",0.0729027828264469
"323","2387",0.3,0.62,0.18,1.00536182,1.03333333333333,1.62155132258065,1.67560303333333,"37.30",0.0449223333333333
"324","2388",0.08,0.14,0.12,0,0.0933333333333334,0,0,"35.60",0
"325","2390",-0.55,-0.81,-0.48,0,-0.928125,0,0,"10.95",0
"326","2392",2.8,1.2,-0.56,1.5,-6,1.25,-7.5,"45.35",-0.165380374862183
"327","2393",1.35,1.8,1.48,1.5,1.64189189189189,0.833333333333333,1.36824324324324,"35.20",0.0388705466830467
"328","2395",8.08,9.02,6.68,6.8,10.9104191616766,0.753880266075388,8.2251497005988,"301.00",0.0273260787395309
"329","2397",4.48,5.28,4.14,5.28,5.7136231884058,1,5.7136231884058,"83.50",0.0684266250108479
"330","2399",-0.18,-1.37,-0.67,0,-0.368059701492537,0,0,"12.20",0
"331","2401",0.03,0.01,0.11,0,0.00272727272727273,0,0,"13.35",0
"332","2402",0.5,0.47,0.15,0.5,1.56666666666667,1.06382978723404,1.66666666666667,"16.90",0.0986193293885602
"333","2404",10.67,9.42,5.91,10,17.0070050761421,1.06157112526539,18.0541455160744,"193.00",0.0935447954200749
"334","2405",-0.03,-0.4,-0.14,0,-0.0857142857142857,0,0,"12.05",0
"335","2406",1.05,-4.21,-3.26,0,1.35598159509202,0,0,"12.65",0
"336","2408",2.81,12.8,10.23,7.15365144,3.51593352883675,0.55887901875,1.96498148058651,"84.80",0.0231719514220107
"337","2409",-1.08,1.06,1.03,0.5,-1.11145631067961,0.471698113207547,-0.524271844660194,"10.05",-0.0521663527025069
"338","2412",3.22,4.58,3.49,4.479,4.22567335243553,0.977947598253275,4.13248710601719,"110.50",0.0373980733576217
"339","2413",-0.85,0.05,-0.03,0,1.41666666666667,0,0,"16.65",0
"340","2414",1.43,1.58,1.27,1.45,1.77905511811024,0.917721518987342,1.63267716535433,"23.25",0.0702226737786809
"341","2415",0.46,1.26,1.12,1.5,0.5175,1.19047619047619,0.616071428571428,"19.60",0.0314322157434402
"342","2417",-0.19,0.03,-0.23,0,0.0247826086956522,0,0,"10.30",0
"343","2419",0.67,0.81,0.41,0.71,1.32365853658537,0.876543209876543,1.16024390243902,"27.60",0.0420378225521386
"344","2420",2.36,3.26,2.21,2.8,3.48126696832579,0.858895705521472,2.99004524886878,"35.95",0.0831723295930119
"345","2421",1.85,2.41,1.85,2,2.41,0.829875518672199,2,"45.65",0.0438116100766703
"346","2423",1.63,2.37,1.74,1.8,2.2201724137931,0.759493670886076,1.68620689655172,"26.90",0.062684271247276
"347","2424",-2.63,-1.38,-0.93,0,-3.90258064516129,0,0,"28.20",0
"348","2425",1.14,2.39,2.19,1.5,1.2441095890411,0.627615062761506,0.780821917808219,"30.80",0.0253513609677993
"349","2426",0.13,1.79,1.8,1.2,0.129277777777778,0.670391061452514,0.0866666666666667,"14.95",0.00579710144927536
"350","2427",0.38,0.63,0.26,0.4,0.920769230769231,0.634920634920635,0.584615384615385,"10.65",0.0548934633441676
"351","2428",6.46,7.67,5.86,3.8,8.45532423208191,0.495436766623207,4.18907849829352,"97.10",0.0431419000854121
"352","2429",-0.81,-0.45,-0.15,0,-2.43,0,0,"27.90",0
"353","2430",0.97,1.34,1.33,0.9,0.977293233082707,0.671641791044776,0.656390977443609,"17.25",0.0380516508662962
"354","2431",0.01,-1.71,-0.82,0,0.0208536585365854,0,0,"11.35",0
"355","2433",3.5,3.66,2.94,3.5,4.35714285714286,0.956284153005464,4.16666666666667,"56.00",0.0744047619047619
"356","2434",-2.14,-2.56,-1.64,0,-3.34048780487805,0,0,"6.85",0
"357","2436",1.38,0.86,1.14,1,1.04105263157895,1.16279069767442,1.21052631578947,"26.60",0.0455085081123862
"358","2438",-0.93,0.09,0.13,0,-0.643846153846154,0,0,"7.91",0
"359","2439",10.24,10.47,4.23,8.6,25.3458156028369,0.821394460362942,20.8189125295508,"171.00",0.121748026488601
"360","2440",-0.42,-0.42,-0.37,0,-0.476756756756757,0,0,"9.40",0
"361","2441",2.48,4.18,3.4,2.7,3.04894117647059,0.645933014354067,1.96941176470588,"47.30",0.0416366123616466
"362","2442",0.51,3.46,0.45,0.5,3.92133333333333,0.144508670520231,0.566666666666667,"11.05",0.0512820512820513
"363","2443",-1.43,-2.34,-1.95,0,-1.716,0,0,"4.97",0
"364","2444",-0.38,-0.96,-0.58,0,-0.628965517241379,0,0,"22.40",0
"365","2448",-2.34,-0.42,0.48,0,2.0475,0,0,"32.40",0
"366","2449",1.66,1.47,1.12,1.35,2.17875,0.918367346938776,2.00089285714286,"37.30",0.0536432401378782
"367","2450",1.18,1.59,1.08,1.45,1.73722222222222,0.911949685534591,1.58425925925926,"32.40",0.0488968907178784
"368","2451",3.09,4.83,3.93,4.4,3.79763358778626,0.910973084886128,3.45954198473282,"76.00",0.0455202892728003
"369","2453",0.86,0.63,0.39,0.5,1.38923076923077,0.793650793650794,1.1025641025641,"16.75",0.0658247225411404
"370","2454",10.66,13.26,10.84,6,13.039815498155,0.452488687782805,5.90036900369004,"434.50",0.0135796754975605
"371","2455",2.11,2.16,1.72,2,2.64976744186046,0.925925925925926,2.45348837209302,"124.00",0.0197861965491373
"372","2456",4.1,11.54,9.76,8,4.84774590163934,0.693240901213172,3.36065573770492,"136.00",0.0247107039537126
"373","2457",-0.11,-0.73,-0.75,0,-0.107066666666667,0,0,"9.90",0
"374","2458",5.2,4.16,2.78,4.65,7.78129496402878,1.11778846153846,8.69784172661871,"91.60",0.0949546040023876
"375","2459",2.98,4.03,3.07,2,3.91185667752443,0.496277915632754,1.9413680781759,"43.55",0.0445779122428449
"376","2460",-0.32,-0.53,-0.49,0,-0.346122448979592,0,0,"10.25",0
"377","2461",0.3,0.41,0.33,0.41,0.372727272727273,1,0.372727272727273,"18.80",0.019825918762089
"378","2462",0.71,0.08,-0.6,0.5,-0.0946666666666667,6.25,-0.591666666666667,"29.05",-0.0203671830177854
"379","2464",3.11,4.88,3.62,3.3,4.1924861878453,0.676229508196721,2.83508287292818,"39.50",0.0717742499475488
"380","2465",-0.43,-1.12,-0.96,0,-0.501666666666667,0,0,"11.05",0
"381","2466",0.01,0.02,-0.15,0,-0.00133333333333333,0,0,"34.30",0
"382","2467",1.8,3.73,2.67,2.5,2.51460674157303,0.670241286863271,1.68539325842697,"26.60",0.0633606488130438
"383","2468",0.47,0.61,0.45,0.5,0.637111111111111,0.819672131147541,0.522222222222222,"12.50",0.0417777777777778
"384","2471",0.99,1.21,0.73,1.12139676,1.64095890410959,0.926774181818182,1.52079834575342,"19.10",0.0796229500394463
"385","2472",2.57,4.42,3.61,2.3,3.14664819944598,0.520361990950226,1.63739612188366,"43.50",0.037641290158245
"386","2474",10.15,36.31,27.33,12,13.4850530552506,0.3304874690168,4.45664105378705,"236.00",0.0188840722618095
"387","2476",1.44,1.58,1.08,1.26,2.10666666666667,0.79746835443038,1.68,"23.65",0.0710359408033827
"388","2477",1.37,0.86,0.62,0.86,1.90032258064516,1,1.90032258064516,"25.85",0.0735134460597741
"389","2478",1.77,7.26,5.76,2.5,2.2309375,0.34435261707989,0.768229166666667,"58.80",0.0130651218820862
"390","2480",3.04,3.8,2.66,3,4.34285714285714,0.789473684210526,3.42857142857143,"54.90",0.0624512099921936
"391","2481",1.02,2.41,1.94,0.5,1.26711340206186,0.20746887966805,0.262886597938144,"28.25",0.00930572028099626
"392","2482",0.39,0.06,-0.12,0,-0.195,0,0,"12.15",0
"393","2483",1.45,1.5,1.26,0.7,1.72619047619048,0.466666666666667,0.805555555555555,"20.55",0.0391997837253312
"394","2484",0.8,1.63,1.22,1.45,1.06885245901639,0.889570552147239,0.950819672131148,"20.80",0.0457124842370744
"395","2485",-0.02,0.93,0.46,0.5,-0.0404347826086957,0.537634408602151,-0.0217391304347826,"20.50",-0.00106044538706257
"396","2486",-0.5,-0.56,-0.35,0,-0.8,0,0,"8.92",0
"397","2488",2.76,3.65,2.72,2.5,3.70367647058823,0.684931506849315,2.53676470588235,"33.65",0.075386766891006
"398","2489",0.18,0.19,0.04,0,0.855,0,0,"10.95",0
"399","2491",-0.06,-0.41,-0.28,0,-0.0878571428571428,0,0,"9.61",0
"400","2492",11.37,40.75,30.69,16.3,15.097018572825,0.4,6.03880742913001,"255.50",0.0236352541257535
"401","2493",1.56,3,2,2.5,2.34,0.833333333333333,1.95,"27.75",0.0702702702702703
"402","2495",0.7,0.43,0.04,0.4,7.525,0.930232558139535,7,"13.80",0.507246376811594
"403","2496",3.45,7.18,4.9,4,5.05530612244898,0.557103064066852,2.81632653061224,"61.70",0.0456454867198095
"404","2497",0.03,-1.95,-1.42,0,0.0411971830985915,0,0,"22.60",0
"405","2498",-8.55,14.72,20.03,0.38,-6.28337493759361,0.0258152173913043,-0.162206689965052,"38.15",-0.00425181362949023
"406","2499",-0.56,0.19,0.27,0,-0.394074074074074,0,0,"7.18",0
"407","2501",0.4,3.11,2.32,2.1,0.536206896551724,0.67524115755627,0.362068965517241,"21.10",0.0171596666121915
"408","2504",0.41,0.37,0.29,0.25,0.523103448275862,0.675675675675676,0.353448275862069,"13.80",0.0256121939030485
"409","2505",-0.02,-0.08,-0.28,0.5,-0.00571428571428571,-6.25,0.0357142857142857,"17.05",0.00209467951403435
"410","2506",-0.12,0.51,-0.21,0.16,0.291428571428571,0.313725490196078,0.0914285714285714,"11.20",0.00816326530612245
"411","2509",1.84,5.7,-0.27,0.6,-38.8444444444444,0.105263157894737,-4.08888888888889,"23.35",-0.175113014513443
"412","2511",0.5,0.77,0.45,0.65,0.855555555555556,0.844155844155844,0.722222222222222,"11.25",0.0641975308641975
"413","2514",1.14,0.05,0.55,0.25,0.103636363636364,5,0.518181818181818,"15.20",0.0340909090909091
"414","2515",0.13,0.24,0.24,0.197,0.13,0.820833333333333,0.106708333333333,"7.74",0.0137866063738157
"415","2516",0.08,0.3,0.18,0,0.133333333333333,0,0,"6.05",0
"416","2520",1,1.03,-1.06,1,-0.971698113207547,0.970873786407767,-0.943396226415094,"31.55",-0.0299016236581646
"417","2524",3.08,1.29,1.19,0,3.33882352941177,0,0,"31.15",0
"418","2527",2.44,1.6,0.38,1.2,10.2736842105263,0.75,7.70526315789474,"22.85",0.337210641483358
"419","2528",-0.14,-0.4,-0.32,0,-0.175,0,0,"20.75",0
"420","2530",-0.14,0.1,0.17,0.3,-0.0823529411764706,3,-0.247058823529412,"16.20",-0.0152505446623094
"421","2534",1.44,4.07,3.7,0,1.584,0,0,"25.05",0
"422","2535",1.74,2.29,1.96,1.7353,2.03295918367347,0.757772925764192,1.54052142857143,"21.35",0.0721555704248913
"423","2536",1.27,1.34,0.9,1,1.89088888888889,0.746268656716418,1.41111111111111,"24.20",0.0583103764921947
"424","2537",-0.32,0.09,0.13,0,-0.221538461538462,0,0,"10.85",0
"425","2538",0.01,0.1,0,0.6,Inf,6,Inf,"12.90",Inf
"426","2539",1.05,1.1,0.28,0.2,4.125,0.181818181818182,0.75,"29.55",0.0253807106598985
"427","2540",0.69,1.26,1.46,0,0.595479452054794,0,0,"26.50",0
"428","2542",2.06,6.01,4.37,3.5,2.83308924485126,0.582362728785358,1.64988558352403,"46.40",0.0355578789552592
"429","2543",0,-2.16,-0.24,0,0,0,0,"7.19",0
"430","2545",-0.48,2.59,0.85,1.8,-1.46258823529412,0.694980694980695,-1.01647058823529,"40.55",-0.0250670921882933
"431","2546",3.38,3.84,2.95,3,4.39972881355932,0.78125,3.43728813559322,"37.85",0.0908134249826478
"432","2547",0.37,3.77,4.07,0.8,0.342727272727273,0.212201591511936,0.0727272727272727,"11.55",0.00629673356946084
"433","2548",11.15,3.12,2.17,5,16.03133640553,1.6025641025641,25.6912442396313,"92.10",0.278949448855932
"434","2597",3.17,4.9,3.72,4.8,4.1755376344086,0.979591836734694,4.09032258064516,"62.80",0.0651325251695089
"435","2601",1.91,0.01,-0.01,0.1,-1.91,10,-19.1,"11.15",-1.71300448430493
"436","2603",0.08,0.07,-0.09,0,-0.0622222222222222,0,0,"13.00",0
"437","2605",-0.45,0.11,-0.06,0.2,0.825,1.81818181818182,1.5,"16.85",0.0890207715133531
"438","2606",1.17,1.97,1.74,1.8,1.32465517241379,0.913705583756345,1.21034482758621,"33.15",0.0365111561866126
"439","2607",0.58,0.81,0.62,0.35,0.757741935483871,0.432098765432099,0.32741935483871,"14.35",0.022816679779701
"440","2608",2.15,2.61,1.84,1.56,3.04972826086956,0.597701149425287,1.82282608695652,"39.40",0.0462646214963584
"441","2609",-1.28,-2.53,-2.57,0,-1.26007782101167,0,0,"7.32",0
"442","2610",-0.06,0.33,0.23,0.20960737,-0.0860869565217391,0.635173848484848,-0.0546801834782609,"9.06",-0.00603534033976389
"443","2611",0.3,0.29,0.11,0.41,0.790909090909091,1.41379310344828,1.11818181818182,"7.03",0.159058580111212
"444","2612",1.41,2.6,1.82,1.6,2.01428571428571,0.615384615384615,1.23956043956044,"29.80",0.0415959879047127
"445","2613",0.11,0.53,0.5,0.34,0.1166,0.641509433962264,0.0748,"14.35",0.00521254355400697
"446","2614",0.04,1.74,2.61,1,0.0266666666666667,0.574712643678161,0.0153256704980843,"11.00",0.00139324277255312
"447","2615",1.08,0.5,0.38,0.6056299,1.42105263157895,1.2112598,1.72126392631579,"18.60",0.0925410713073005
"448","2616",1.77,1.76,1.51,1.60166903,2.06304635761589,0.910039221590909,1.87745310139073,"30.05",0.0624776406452821
"449","2617",1.07,2.29,1.89,1.3,1.29645502645503,0.567685589519651,0.735978835978836,"17.80",0.0413471256167885
"450","2618",0.67,1.5,1.36,0.49727797,0.738970588235294,0.331518646666667,0.244982529338235,"13.80",0.0177523571984229
"451","2630",0.28,0.13,-0.29,0.08,-0.12551724137931,0.615384615384615,-0.0772413793103448,"19.10",-0.00404405127279292
"452","2633",1.09,1.9,1.54,1.12,1.34480519480519,0.589473684210526,0.792727272727273,"38.85",0.0204048204048204
"453","2634",1.53,2.22,1.7,1.34,1.998,0.603603603603604,1.206,"35.05",0.0344079885877318
"454","2636",1.7,3.07,2.32,2.2,2.24956896551724,0.716612377850163,1.61206896551724,"24.15",0.066752338116656
"455","2637",2.76,2.92,1.83,0,4.40393442622951,0,0,"29.30",0
"456","2642",1.29,0.72,0.46,0.6,2.01913043478261,0.833333333333333,1.68260869565217,"30.55",0.0550772077136555
"457","2701",0.72,0.73,0.52,0.4,1.01076923076923,0.547945205479452,0.553846153846154,"13.30",0.0416425679583574
"458","2702",0.1,2.08,1.46,0.2,0.142465753424658,0.0961538461538462,0.0136986301369863,"22.30",0.000614288346950058
"459","2704",0.91,1.1,1.03,0.4,0.971844660194175,0.363636363636364,0.353398058252427,"29.60",0.011939123589609
"460","2705",-2.65,-3.87,-3.14,0,-3.26608280254777,0,0,"15.50",0
"461","2706",0.89,0.86,0.62,0.45,1.23451612903226,0.523255813953488,0.645967741935484,"15.65",0.0412758940533856
"462","2707",8.03,10.8,8,11.075,10.8405,1.02546296296296,11.11653125,"168.00",0.0661698288690476
"463","2712",-0.05,-0.3,-0.19,0,-0.0789473684210526,0,0,"53.10",0
"464","2722",0.36,0.19,0.02,0.2,3.42,1.05263157894737,3.6,"24.25",0.148453608247423
"465","2723",4.28,9.26,7.64,5,5.18753926701571,0.539956803455723,2.80104712041885,"125.00",0.0224083769633508
"466","2727",4.04,4.52,3.93,3.85514831,4.64651399491094,0.852908918141593,3.96305322452926,"79.00",0.0501652306902438
"467","2731",2.35,3.66,3.83,3.8,2.24569190600522,1.03825136612022,2.33159268929504,"82.50",0.0282617295672126
"468","2739",0.06,1.02,0.1,1,0.612,0.980392156862745,0.6,"25.55",0.0234833659491194
"469","2748",1.7,3.22,1.66,2.75,3.29759036144578,0.854037267080745,2.81626506024096,"50.50",0.0557676249552666
"470","2841",0.17,0.54,0.1,0,0.918,0,0,"8.97",0
"471","2901",0.28,0.43,0.31,0.3866951,0.388387096774194,0.899290930232558,0.349272993548387,"24.10",0.014492655333958
"472","2903",0.81,0.94,0.56,0.85,1.35964285714286,0.904255319148936,1.22946428571429,"25.85",0.0475614810721194
"473","2904",1.46,1.72,1.28,1.52,1.961875,0.883720930232558,1.73375,"23.80",0.0728466386554622
"474","2906",0.22,0.17,0.1,0.4,0.374,2.35294117647059,0.88,"11.40",0.0771929824561404
"475","2908",-0.07,0.8,1.19,0.7,-0.0470588235294118,0.875,-0.0411764705882353,"21.10",-0.00195149149707276
"476","2910",0.43,0.51,0.43,0,0.51,0,0,"38.35",0
"477","2911",-1.27,-0.45,-0.47,0,-1.21595744680851,0,0,"7.67",0
"478","2912",7.95,9.82,7.64,8.8,10.2184554973822,0.896130346232179,9.15706806282723,"305.50",0.0299740362122004
"479","2913",-0.01,-0.05,-0.05,0.3,-0.01,-6,0.06,"16.45",0.00364741641337386
"480","2915",18.95,13.55,12,0,21.3977083333333,0,0,"72.70",0
"481","2923",5.2,0.94,0.34,0.72,14.3764705882353,0.765957446808511,11.0117647058824,"27.20",0.404844290657439
"482","2929",8.97,11.56,7.19,3.15,14.4218636995828,0.272491349480969,3.9298331015299,"93.20",0.042165591218132
"483","2936",-0.52,-0.29,-0.82,0,-0.18390243902439,0,0,"20.10",0
"484","2939",4.48,10.31,8.63,6,5.35212050984936,0.5819592628516,3.11471610660487,"94.70",0.0328903495945604
"485","3002",0.46,-0.28,-0.29,0,0.444137931034483,0,0,"11.55",0
"486","3003",2.2,3.08,2.23,1,3.03856502242152,0.324675324675325,0.986547085201794,"48.25",0.0204465717140268
"487","3004",5.14,5.72,3.98,2.5,7.38713567839196,0.437062937062937,3.2286432160804,"88.00",0.0366891274554591
"488","3005",2.46,3.83,2.78,3,3.38913669064748,0.783289817232376,2.65467625899281,"46.80",0.0567238516878805
"489","3006",1.03,2.52,2.42,1.5,1.07256198347107,0.595238095238095,0.638429752066116,"37.75",0.0169120464123474
"490","3008",150.37,181.67,133.38,68,204.811200329885,0.374305058622778,76.6618683460789,"4,880.00",NA
"491","3010",4.79,5.82,4.28,3.2,6.5135046728972,0.549828178694158,3.58130841121495,"56.40",0.0634983760853715
"492","3011",-0.42,-0.3,-0.46,0,-0.273913043478261,0,0,"6.66",0
"493","3013",0.36,0.65,0.35,0.3,0.668571428571429,0.461538461538462,0.308571428571429,"14.30",0.0215784215784216
"494","3014",2.54,3.08,2.59,2.2,3.02054054054054,0.714285714285714,2.15752895752896,"43.75",0.0493149476006619
"495","3015",0.5,0.4,0.62,1.25,0.32258064516129,3.125,1.00806451612903,"21.85",0.0461356757953791
"496","3016",0.11,1.57,1.24,1,0.139274193548387,0.636942675159236,0.0887096774193548,"53.10",0.00167061539396148
"497","3017",1.9,2.01,1.44,1,2.65208333333333,0.497512437810945,1.31944444444444,"41.25",0.031986531986532
"498","3018",-0.98,-2.17,-1.35,0,-1.57525925925926,0,0,"22.35",0
"499","3019",3.18,3.89,2.84,2.3,4.35570422535211,0.591259640102828,2.57535211267606,"104.50",0.0246445178246513
"500","3021",1.21,1.3,1.12,0.75,1.40446428571429,0.576923076923077,0.810267857142857,"15.70",0.0516094176524113
"501","3022",2.74,2.87,2.15,1,3.65758139534884,0.348432055749129,1.27441860465116,"53.40",0.023865516941033
"502","3023",6.22,6.26,5.26,4.5,7.40250950570342,0.718849840255591,5.3212927756654,"126.50",0.0420655555388569
"503","3024",0.25,0.53,0.13,0.32,1.01923076923077,0.60377358490566,0.615384615384615,"8.23",0.0747733433031124
"504","3025",0.38,0.02,-0.24,0,-0.0316666666666667,0,0,"22.90",0
"505","3026",5.57,17.61,16.63,9,5.89823812387252,0.511073253833049,3.01443174984967,"119.00",0.0253313592424342
"506","3027",-0.2,1.67,-0.55,0,0.607272727272727,0,0,"8.22",0
"507","3028",1.01,1.9,1.58,1.7,1.21455696202532,0.894736842105263,1.08670886075949,"21.20",0.0512598519226176
"508","3029",1.92,2.06,1.5,1.5,2.6368,0.728155339805825,1.92,"30.70",0.0625407166123779
"509","3030",3.11,4.51,3.64,3.7,3.85332417582418,0.82039911308204,3.16126373626374,"54.00",0.058541921041921
"510","3031",0.98,0.58,0.4,0.52,1.421,0.896551724137931,1.274,"16.60",0.0767469879518072
"511","3032",1.91,3.7,3.04,2.25,2.32467105263158,0.608108108108108,1.41365131578947,"28.35",0.0498642439431913
"512","3033",0.63,1.83,1.68,1.024171,0.68625,0.559656284153005,0.384064125,"17.85",0.0215161974789916
"513","3034",10.07,10.5,7.13,8.8,14.8295932678822,0.838095238095238,12.4286115007013,"215.50",0.0576733712329525
"514","3035",1.2,1.06,0.74,0.2,1.71891891891892,0.188679245283019,0.324324324324324,"59.00",0.00549702244617499
"515","3036",3.13,5.02,3.96,2.36,3.96782828282828,0.470119521912351,1.86535353535354,"42.15",0.0442551253939154
"516","3037",1.5,1.15,0.64,0.8,2.6953125,0.695652173913044,1.875,"42.50",0.0441176470588235
"517","3038",1.52,0.71,0.58,0.5,1.86068965517241,0.704225352112676,1.31034482758621,"17.60",0.0744514106583072
"518","3040",1.05,1.31,0.97,2,1.4180412371134,1.52671755725191,2.16494845360825,"29.00",0.0746533949520085
"519","3041",-1.31,-2.58,-1.61,0,-2.09925465838509,0,0,"17.75",0
"520","3042",1.45,2.08,1.43,2,2.10909090909091,0.961538461538461,2.02797202797203,"47.30",0.0428746728958145
"521","3043",0.47,-0.01,0,0,-Inf,0,NA,"1.75",NA
"522","3044",8.32,9.4,6.61,5.9,11.8317700453858,0.627659574468085,7.42632375189107,"126.00",0.0589390773959609
"523","3045",3.46,5.01,3.88,5.54897,4.46768041237113,1.10757884231537,4.94830829896907,"112.50",0.0439849626575029
"524","3046",0.07,-0.19,-0.35,0.3,0.038,-1.57894736842105,-0.06,"16.70",-0.00359281437125749
"525","3047",0.31,-0.15,-0.42,0,0.110714285714286,0,0,"10.50",0
"526","3048",1.26,1.09,0.73,0.7,1.8813698630137,0.642201834862385,1.20821917808219,"19.55",0.0618014924850226
"527","3049",1.08,0.25,0.29,0,0.931034482758621,0,0,"13.55",0
"528","3050",0.87,0.41,0.39,0.3,0.914615384615384,0.731707317073171,0.669230769230769,"11.70",0.0571992110453649
"529","3051",-0.48,-0.32,-0.03,0,-5.12,0,0,"3.15",0
"530","3052",-0.27,-0.68,-0.5,0,-0.3672,0,0,"12.15",0
"531","3054",0.08,0.01,-0.1,0,-0.008,0,0,"27.55",0
"532","3055",-0.26,0.85,0.52,1,-0.425,1.17647058823529,-0.5,"30.60",-0.0163398692810458
"533","3056",2.05,1.46,1.62,1.5,1.84753086419753,1.02739726027397,1.89814814814815,"31.95",0.0594099576885179
"534","3057",-1.41,-0.4,-0.06,0,-9.4,0,0,"7.55",0
"535","3058",-0.22,-0.94,-0.36,0,-0.574444444444444,0,0,"7.13",0
"536","3059",0.3,0.48,0.4,0.5,0.36,1.04166666666667,0.375,"23.85",0.0157232704402516
"537","3060",-2.18,-2.39,-1.5,0,-3.47346666666667,0,0,"13.40",0
"538","3062",0.14,0.51,0.38,0.4,0.187894736842105,0.784313725490196,0.147368421052632,"18.15",0.00811947223430477
"539","3090",2.92,8.56,7.44,6.5,3.35956989247312,0.759345794392523,2.5510752688172,"53.40",0.0477729451089364
"540","3094",0.3,0.44,0.38,0.4,0.347368421052632,0.909090909090909,0.315789473684211,"18.30",0.0172562553925798
"541","3130",6.66,8.51,6.86,8.51,8.26189504373178,1,8.26189504373178,"160.00",0.0516368440233236
"542","3149",-0.12,-0.64,-0.15,0,-0.512,0,0,"9.23",0
"543","3164",0.69,1.78,1.5,1.5,0.8188,0.842696629213483,0.69,"24.75",0.0278787878787879
"544","3167",1.56,5.42,4.42,3.5,1.91294117647059,0.645756457564576,1.23529411764706,"42.50",0.0290657439446367
"545","3189",-4.54,0.78,0.78,1.5,-4.54,1.92307692307692,-8.73076923076923,"51.00",-0.171191553544495
"546","3209",1.24,1.25,1.02,1,1.51960784313725,0.8,1.2156862745098,"20.65",0.0588710060295305
"547","3229",-1.03,-0.77,-0.38,0,-2.08710526315789,0,0,"13.65",0
"548","3231",1.4,1.76,1,1.48793283,2.464,0.845416380681818,2.083105962,"28.30",0.0736079845229682
"549","3257",0.83,1.63,1.45,1.5,0.933034482758621,0.920245398773006,0.858620689655172,"58.00",0.0148038049940547
"550","3266",0.62,0.3,0.49,0.5,0.379591836734694,1.66666666666667,0.63265306122449,"15.50",0.0408163265306122
"551","3296",0.28,1.01,0.3,0.57,0.942666666666667,0.564356435643564,0.532,"14.75",0.0360677966101695
"552","3305",1.42,0.35,0.24,0.5,2.07083333333333,1.42857142857143,2.95833333333333,"25.00",0.118333333333333
"553","3308",-0.64,-1.57,-1.24,0,-0.810322580645161,0,0,"5.99",0
"554","3311",-0.27,-0.19,-0.3,0,-0.171,0,0,"26.25",0
"555","3312",1.03,1.28,1.06,0.6,1.24377358490566,0.46875,0.583018867924528,"16.20",0.0359888190076869
"556","3321",-3.58,-3.84,-2.55,0,-5.39105882352941,0,0,"14.55",0
"557","3338",2.46,1.8,1.07,1.2,4.13831775700935,0.666666666666667,2.7588785046729,"94.20",0.0292874575867611
"558","3346",-0.06,3.02,1.95,1.66,-0.0929230769230769,0.549668874172185,-0.0510769230769231,"30.50",-0.00167465321563682
"559","3356",0.67,0.77,0.76,0,0.678815789473684,0,0,"29.80",0
"560","3376",4.97,6.67,4.29,2,7.72724941724942,0.299850074962519,2.31701631701632,"133.00",0.0174211753159122
"561","3380",0.32,-0.17,-0.4,0,0.136,0,0,"23.20",0
"562","3383",-3.23,-1.11,-0.71,0,-5.04971830985916,0,0,"4.36",0
"563","3406",15.13,9.38,6.47,3.5,21.9349922720247,0.373134328358209,8.18469860896445,"579.00",0.0141359216044291
"564","3413",4.54,14.06,11.52,7,5.54100694444444,0.497866287339972,2.75868055555556,"180.00",0.0153260030864198
"565","3416",2.59,2.84,1.88,2,3.91255319148936,0.704225352112676,2.75531914893617,"55.10",0.0500057921767
"566","3419",-0.22,0.59,0.39,0,-0.332820512820513,0,0,"18.10",0
"567","3432",0.82,4.2,3.93,0,0.876335877862595,0,0,"13.20",0
"568","3437",-1.21,-2.68,-1.91,0,-1.69780104712042,0,0,"17.65",0
"569","3443",2.67,7.37,5.31,5,3.70581920903955,0.67842605156038,2.51412429378531,"243.00",0.0103461905094046
"570","3450",1.33,4.09,3.42,3,1.59055555555556,0.733496332518337,1.16666666666667,"67.70",0.017232890201871
"571","3454",3.07,3.92,2.96,2.5,4.06567567567568,0.637755102040816,2.59290540540541,"92.80",0.0279407910065238
"572","3481",-1.06,0.22,0.29,0.06,-0.804137931034483,0.272727272727273,-0.219310344827586,"8.18",-0.0268105556023944
"573","3494",-0.84,-1.6,-0.97,0,-1.38556701030928,0,0,"4.94",0
"574","3501",3.66,5.99,4.82,3.5,4.54842323651452,0.584307178631052,2.65767634854772,"50.30",0.0528365079234139
"575","3504",0.45,1.57,1.51,0.5,0.467880794701987,0.318471337579618,0.149006622516556,"82.20",0.00181273263402137
"576","3515",3.35,4.91,4.1,4,4.01182926829268,0.814663951120163,3.26829268292683,"78.00",0.0419011882426517
"577","3518",-1.14,-4.27,-3.16,0,-1.54044303797468,0,0,"38.45",0
"578","3528",2.02,2.71,2.15,2.5,2.54613953488372,0.922509225092251,2.34883720930233,"38.05",0.061730281453412
"579","3530",1.27,2.17,1.17,2,2.35547008547009,0.921658986175115,2.17094017094017,"110.00",0.0197358197358197
"580","3532",5.02,9.41,6.38,9,7.4041065830721,0.956429330499469,7.08150470219436,"116.50",0.0607854480875052
"581","3533",14.28,17.21,12.04,8.7,20.4118604651163,0.505520046484602,10.3186046511628,"324.00",0.0318475452196382
"582","3535",2.34,1.07,0.5,0,5.0076,0,0,"22.45",0
"583","3536",-0.83,-0.62,-0.4,0,-1.2865,0,0,"4.24",0
"584","3545",-0.84,-8.66,0.66,0,11.0218181818182,0,0,"23.75",0
"585","3550",0.25,1.37,1.12,1,0.305803571428571,0.72992700729927,0.223214285714286,"14.65",0.015236470014627
"586","3557",0.26,0,-0.39,0,0,NA,NA,"38.30",NA
"587","3563",18.02,30.43,22.4,27,24.4798482142857,0.887282287216563,21.7205357142857,"403.00",0.0538971109535626
"588","3576",-1.08,-0.34,-1.87,0,-0.196363636363636,0,0,"7.50",0
"589","3583",3.55,5.16,3.02,2.5,6.06556291390728,0.484496124031008,2.9387417218543,"64.30",0.0457036037613422
"590","3588",0.3,0.8,0.75,0.5,0.32,0.625,0.2,"31.30",0.00638977635782748
"591","3591",0.03,0.3,0.34,0,0.0264705882352941,0,0,"12.90",0
"592","3593",-2.54,-2.32,-1.67,0,-3.52862275449102,0,0,"8.52",0
"593","3596",5.52,4.61,3.53,3,7.20883852691218,0.650759219088937,4.69121813031161,"92.00",0.0509915014164306
"594","3605",1.99,1.92,1.34,0.7,2.85134328358209,0.364583333333333,1.03955223880597,"30.70",0.0338616364431912
"595","3607",-0.75,-6.89,-5.06,0,-1.02124505928854,0,0,"16.90",0
"596","3617",7.29,7.22,6.4,5.3,8.22403125,0.734072022160665,6.03703125,"112.50",0.0536625
"597","3622",0.72,0.79,0.87,0.5,0.653793103448276,0.632911392405063,0.413793103448276,"21.65",0.0191128454248626
"598","3645",0.75,3.2,2.53,1.5,0.948616600790514,0.46875,0.444664031620553,"52.40",0.00848595480191896
"599","3653",4.75,4.61,3.39,3.6,6.4594395280236,0.780911062906725,5.04424778761062,"233.00",0.0216491321356679
"600","3661",4.86,4.22,5.31,1.51633083,3.86237288135593,0.359320101895735,1.38782821728814,"229.00",0.00606038522833247
"601","3665",11.46,11.86,8.02,7.5,16.9470822942643,0.632377740303541,10.716957605985,"224.00",0.0478435607410046
"602","3669",0.22,0.5,0.23,0.4,0.478260869565217,0.8,0.382608695652174,"16.45",0.0232588872736884
"603","3673",0.76,0.55,0.08,0,5.225,0,0,"56.60",0
"604","3679",3.73,3.35,1.93,3,6.47435233160622,0.895522388059702,5.7979274611399,"70.50",0.0822401058317716
"605","3682",-0.91,-0.77,-0.52,0,-1.3475,0,0,"7.18",0
"606","3686",-0.19,-5.28,-2.29,0,-0.438078602620087,0,0,"4.12",0
"607","3694",-0.85,-0.81,-0.31,0,-2.22096774193548,0,0,"17.95",0
"608","3698",0.08,0.1,0.24,0.0572,0.0333333333333333,0.572,0.0190666666666667,"18.00",0.00105925925925926
"609","3701",0.25,1.29,0.79,0,0.408227848101266,0,0,"13.90",0
"610","3702",2.81,4.22,3.27,2.7,3.62636085626911,0.639810426540284,2.32018348623853,"39.15",0.0592639460086471
"611","3703",0.3,2.36,2.13,0.9,0.332394366197183,0.38135593220339,0.126760563380282,"13.35",0.00949517328691249
"612","3704",0.7,-1.38,-1.25,0,0.7728,0,0,"20.25",0
"613","3705",1.91,2.64,2,2.2,2.5212,0.833333333333333,2.101,"42.90",0.048974358974359
"614","3706",1.75,3.58,2.84,1.5,2.20598591549296,0.418994413407821,0.924295774647887,"28.95",0.0319273151864555
"615","3708",5.03,11.22,7.83,5,7.20773946360153,0.445632798573975,3.21200510855683,"82.70",0.0388392395230572
"616","3711",2.46,5.95,4.67,2.5,3.13426124197002,0.420168067226891,1.3169164882227,"81.80",0.0160992235724046
"617","3712",-0.9,-1.24,NA,0,NA,0,NA,"20.50",NA
"618","4104",3.12,3.53,2.66,3,4.14045112781955,0.84985835694051,3.5187969924812,"53.50",0.0657719064015178
"619","4106",0.68,1.24,0.88,0.65,0.958181818181818,0.524193548387097,0.502272727272727,"24.10",0.0208411920030177
"620","4108",-0.58,-1.12,-0.61,0,-1.06491803278689,0,0,"17.80",0
"621","4119",6.06,5.63,4.24,4.2,8.04665094339622,0.746003552397869,6.00283018867925,"106.00",0.0566304734781061
"622","4133",0.02,0.76,0.51,0.6,0.0298039215686275,0.789473684210526,0.0235294117647059,"25.70",0.000915541313801785
"623","4137",13.27,15.4,11.38,12,17.9576449912127,0.779220779220779,13.9929701230228,"238.50",0.0586707342684396
"624","4141",-2.77,0.61,-0.26,0,6.49884615384615,0,0,"14.45",0
"625","4142",-0.88,-2.59,-1.11,0,-2.05333333333333,0,0,"24.50",0
"626","4144",0.95,1.75,1.62,0.525,1.02623456790123,0.3,0.30787037037037,"29.00",0.0106162196679438
"627","4148",0.54,4.76,4.33,2.4,0.593625866050808,0.504201680672269,0.299307159353349,"43.75",0.00684130649950511
"628","4155",1.27,2.15,1.61,2.25,1.69596273291925,1.04651162790698,1.77484472049689,"32.90",0.0539466480394193
"629","4164",2.28,2.32,1.71,1.8,3.09333333333333,0.775862068965517,2.4,"40.00",0.06
"630","4190",5.3,9.02,6.58,4.5,7.26534954407295,0.498891352549889,3.62462006079027,"124.00",0.029230806941857
"631","4306",0.08,1.11,0.72,0.5,0.123333333333333,0.45045045045045,0.0555555555555556,"12.55",0.00442673749446658
"632","4414",0.18,-1.82,-0.2,0,1.638,0,0,"12.00",0
"633","4426",2.09,2.07,1.65,0.36,2.622,0.173913043478261,0.456,"47.30",0.00964059196617336
"634","4438",9.59,7.43,7.24,6,9.84167127071823,0.807537012113055,7.9475138121547,"151.00",0.052632541802349
"635","4439",13.2,11.45,NA,0,NA,0,NA,"180.00",NA
"636","4526",0.49,1.23,0.86,0.3,0.700813953488372,0.24390243902439,0.17093023255814,"16.90",0.0101142149442686
"637","4532",1.11,2.2,1.75,1.2,1.39542857142857,0.545454545454545,0.761142857142857,"23.10",0.0329499072356215
"638","4536",8.13,9.31,6.81,5.5,11.1145814977974,0.590762620837809,6.56607929515418,"140.00",0.0469005663939585
"639","4540",-0.25,6.93,6.05,3.6,-0.286363636363636,0.51948051948052,-0.148760330578512,"51.50",-0.00288855010832063
"640","4545",-0.02,-0.74,-1.03,0,-0.014368932038835,0,0,"25.35",0
"641","4551",5.64,6.1,4.21,3.1,8.17197149643705,0.508196721311475,4.15296912114014,"171.00",0.0242863691294745
"642","4552",2.28,7.7,6.46,2.3,2.71764705882353,0.298701298701299,0.811764705882353,"41.90",0.0193738593289344
"643","4555",0.62,2.49,2.03,2,0.760492610837439,0.803212851405622,0.610837438423645,"49.70",0.0122904917187856
"644","4557",4.34,5.19,3.34,5,6.74389221556886,0.963391136801541,6.49700598802395,"70.60",0.0920255805669115
"645","4560",2.97,4.76,3.73,2.8,3.79013404825737,0.588235294117647,2.22949061662198,"51.70",0.0431236096058411
"646","4562",0.01,2.21,1.75,1.5,0.0126285714285714,0.678733031674208,0.00857142857142857,"24.25",0.000353460972017673
"647","4564",2.55,3.24,2.15,2.5,3.84279069767442,0.771604938271605,2.96511627906977,"42.10",0.0704303154173341
"648","4566",2.97,3.33,2.95,2,3.35257627118644,0.600600600600601,2.0135593220339,"50.70",0.0397151740046134
"649","4571",4.27,5.22,NA,1.1,NA,0.210727969348659,NA,"70.30",NA
"650","4572",5.85,8.01,NA,3.23333334,NA,0.40366208988764,NA,"126.50",NA
"651","4576",0.34,2.39,NA,0.8,NA,0.334728033472803,NA,"82.80",NA
"652","4720",0.41,0.35,0.18,0.15,0.797222222222222,0.428571428571429,0.341666666666667,"13.95",0.0244922341696535
"653","4722",1.97,2.54,2.07,1.8,2.41729468599034,0.708661417322835,1.71304347826087,"27.70",0.0618427248469628
"654","4725",-2.94,1.14,1.11,0,-3.01945945945946,0,0,"12.40",0
"655","4737",0.89,2.23,1.16,2,1.71094827586207,0.896860986547085,1.53448275862069,"82.00",0.018713204373423
"656","4739",1.03,4.63,4.21,3.202947,1.13275534441805,0.69178120950324,0.783618862232779,"76.10",0.0102972255221127
"657","4746",0.86,1.85,0.78,0.5,2.03974358974359,0.27027027027027,0.551282051282051,"41.35",0.0133320931386228
"658","4755",2.63,4.38,3.2,2.7,3.5998125,0.616438356164384,2.2190625,"48.85",0.0454260491299898
"659","4763",4.5,4.85,3.43,4,6.36297376093294,0.824742268041237,5.24781341107872,"127.00",0.0413213654415647
"660","4764",2.3,8.06,6.13,5,3.02414355628059,0.620347394540943,1.87601957585644,"68.60",0.027347224137849
"661","4766",7.4,6.15,4.86,5,9.3641975308642,0.813008130081301,7.61316872427984,"151.00",0.050418335922383
"662","4807",-4.68,5.41,4.82,4,-5.25286307053942,0.739371534195933,-3.88381742738589,"30.30",-0.128178792983033
"663","4904",2.03,2.88,2.38,3.75,2.45647058823529,1.30208333333333,3.19852941176471,"72.30",0.0442396875762753
"664","4906",0.8,-0.07,-0.11,0,0.509090909090909,0,0,"25.25",0
"665","4912",2.97,9.67,5.04,2.5,5.69839285714286,0.258531540847983,1.47321428571429,"108.50",0.0135780118499013
"666","4915",3.45,4.12,3.06,2.4,4.64509803921569,0.58252427184466,2.70588235294118,"63.70",0.0424785298734879
"667","4916",3.64,3.06,2.47,2.5,4.50947368421053,0.816993464052288,3.68421052631579,"34.10",0.108041364408088
"668","4919",1.88,3.42,2.68,2.5,2.39910447761194,0.730994152046784,1.75373134328358,"47.20",0.0371553250695674
"669","4927",4.24,5.45,3.9,2.556,5.92512820512821,0.468990825688073,2.77883076923077,"46.30",0.0600179431799302
"670","4930",0.58,-1.48,-1.15,0,0.746434782608696,0,0,"10.90",0
"671","4934",-0.25,-5.17,-3.33,0,-0.388138138138138,0,0,"6.85",0
"672","4935",1.7,1.29,1.04,0.8,2.10865384615385,0.62015503875969,1.30769230769231,"121.50",0.0107628996517885
"673","4938",4.25,4.25,3,3.5,6.02083333333333,0.823529411764706,4.95833333333333,"68.20",0.072702834799609
"674","4942",3.43,4.5,3.49,2.5,4.42263610315186,0.555555555555556,2.45702005730659,"41.20",0.0596364091579269
"675","4943",1.73,8.28,6.04,5.5,2.37158940397351,0.664251207729469,1.57533112582781,"172.00",0.00915890189434776
"676","4952",1.81,2.61,2.13,2.26,2.21788732394366,0.865900383141762,1.92046948356808,"33.45",0.0574131385222145
"677","4956",-0.73,-0.77,0.13,0,4.32384615384615,0,0,"14.10",0
"678","4958",5.78,10.5,6.07,4.459774,9.99835255354201,0.424740380952381,4.24670407248764,"147.00",0.0288891433502561
"679","4960",-0.97,-0.98,-0.77,0,-1.23454545454545,0,0,"7.42",0
"680","4961",1.63,2.43,2.03,1.3,1.95118226600985,0.534979423868313,1.04384236453202,"37.10",0.0281359127906205
"681","4967",0.51,3.04,2.74,2,0.565839416058394,0.657894736842105,0.372262773722628,"30.60",0.0121654501216545
"682","4968",2.4,2.93,2.28,1.492018,3.08421052631579,0.509221160409556,1.57054526315789,"183.00",0.00858221455277538
"683","4976",-0.44,0.44,0.42,0,-0.460952380952381,0,0,"28.45",0
"684","4977",3.23,4.5,3.78,3.5,3.8452380952381,0.777777777777778,2.99074074074074,"103.00",0.0290363178712693
"685","4989",0.34,1.88,1.5,1.6,0.426133333333333,0.851063829787234,0.362666666666667,"23.95",0.015142658315936
"686","4994",3.34,-2.6,-1.71,0,5.07836257309942,0,0,"85.10",0
"687","4999",1.93,6.33,4.63,3.2,2.63863930885529,0.505529225908373,1.33390928725702,"43.50",0.0306645813162533
"688","5007",2.18,3.8,2.93,3,2.82730375426621,0.789473684210526,2.2320819112628,"52.10",0.0428422631720307
"689","5203",3.44,3.88,2.93,3,4.55535836177474,0.77319587628866,3.5221843003413,"111.00",0.0317313900931648
"690","5215",3.52,3.4,2.71,2.5,4.41623616236162,0.735294117647059,3.24723247232472,"62.20",0.0522063098444489
"691","5225",5.54,4.05,2.15,1.3,10.4358139534884,0.320987654320988,3.34976744186047,"52.50",0.0638050941306755
"692","5234",4.65,6.38,4.5,5,6.59266666666667,0.783699059561129,5.16666666666667,"90.50",0.0570902394106814
"693","5243",2.38,2.14,1.4,1.5,3.638,0.700934579439252,2.55,"36.70",0.0694822888283379
"694","5258",-1.86,-4.97,-0.49,0,-18.8657142857143,0,0,"29.95",0
"695","5264",-1.54,-4.13,-5.33,1,-1.19328330206379,-0.242130750605327,0.288930581613508,"46.40",0.0062269521899463
"696","5269",12.06,15.93,10.63,12,18.0729821260583,0.753295668549906,13.6142991533396,"632.00",0.0215416125843981
"697","5283",9.32,12.13,10.35,9,10.9228599033816,0.741962077493817,8.10434782608696,"108.00",0.0750402576489533
"698","5284",2.28,3.74,3.21,2.6,2.65644859813084,0.695187165775401,1.84672897196262,"48.80",0.0378428068025126
"699","5285",2.29,4.54,3.75,3.6,2.77242666666667,0.79295154185022,2.1984,"71.10",0.0309198312236287
"700","5288",7,8.35,5.8,5,10.0775862068966,0.598802395209581,6.03448275862069,"121.00",0.0498717583357082
"701","5305",1.24,2.8,2.03,2.2,1.71034482758621,0.785714285714286,1.34384236453202,"39.60",0.0339354132457581
"702","5388",2.78,3.32,2.07,2.5,4.45874396135266,0.753012048192771,3.35748792270531,"77.00",0.0436037392559132
"703","5434",7.26,7.73,5.55,5.3,10.1116756756757,0.685640362225097,6.93297297297297,"105.00",0.066028314028314
"704","5469",4.8,3.55,2.78,1,6.1294964028777,0.28169014084507,1.72661870503597,"43.25",0.0399218197696178
"705","5471",1.54,2.02,1.67,1.48,1.86275449101796,0.732673267326733,1.36479041916168,"33.20",0.0411081451554722
"706","5484",-1.02,-1.59,-1.16,0,-1.39810344827586,0,0,"8.73",0
"707","5515",0.47,0.62,0.49,0.5,0.59469387755102,0.806451612903226,0.479591836734694,"10.70",0.0448216669845508
"708","5519",2.01,2.41,0.93,1,5.20870967741935,0.4149377593361,2.16129032258064,"16.45",0.131385429944112
"709","5521",-0.02,-0.2,-0.22,0,-0.0181818181818182,0,0,"9.26",0
"710","5522",2.59,2.42,2.05,3,3.05746341463415,1.2396694214876,3.79024390243902,"40.05",0.0946378003105874
"711","5525",1.22,4.31,2.64,2,1.99174242424242,0.464037122969838,0.924242424242424,"23.30",0.0396670568344388
"712","5531",-0.9,0.17,0.21,0,-0.728571428571429,0,0,"10.75",0
"713","5533",0.37,0.82,0.75,0.7,0.404533333333333,0.853658536585366,0.345333333333333,"16.20",0.0213168724279835
"714","5534",7.48,14.34,12.38,7,8.66423263327948,0.488145048814505,4.22940226171244,"82.60",0.051203417212015
"715","5538",1.85,3.19,2.81,2,2.10017793594306,0.626959247648903,1.31672597864769,"32.20",0.0408921111381269
"716","5607",2.92,1.3,1.17,0.4,3.24444444444444,0.307692307692308,0.998290598290598,"25.85",0.0386185918100812
"717","5608",-0.78,-0.54,-0.37,0,-1.13837837837838,0,0,"8.10",0
"718","5706",2.77,2.72,2.11,1.61,3.57080568720379,0.591911764705882,2.1136018957346,"40.00",0.0528400473933649
"719","5871",8.65,10.37,7.78,4.2,11.5296272493573,0.405014464802314,4.66966580976864,"136.50",0.034210005932371
"720","5906",0.19,0.3,-0.66,0,-0.0863636363636364,0,0,"23.50",0
"721","5907",1.47,2.71,1.69,1.75,2.35721893491124,0.645756457564576,1.52218934911243,"28.00",0.0543639053254438
"722","6108",2.14,3.47,2.89,2.5,2.56948096885813,0.720461095100865,1.85121107266436,"26.05",0.07106376478558
"723","6112",2.17,2.86,2.07,1.5,2.99816425120773,0.524475524475524,1.57246376811594,"34.40",0.045711156049882
"724","6115",2.46,2.81,2.03,2.5,3.40522167487685,0.889679715302491,3.02955665024631,"43.70",0.0693262391360711
"725","6116",0.26,0.32,0.69,0.3,0.120579710144928,0.9375,0.11304347826087,"8.01",0.0141127937903707
"726","6117",-1.49,-2.15,-1.35,0,-2.37296296296296,0,0,"13.60",0
"727","6120",-0.03,0.48,0.59,0.20362641,-0.0244067796610169,0.4242216875,-0.0103538852542373,"16.65",-0.000621854970224462
"728","6128",2.08,0.36,-0.54,2,-1.38666666666667,5.55555555555556,-7.7037037037037,"30.90",-0.249310799472612
"729","6131",-0.39,-8.4,-8.09,0,-0.404944375772559,0,0,"3.60",0
"730","6133",0.26,0.12,0.08,0.1290128,0.39,1.07510666666667,0.4192916,"8.26",0.0507616949152542
"731","6136",0.74,0.75,0.8,1.34,0.69375,1.78666666666667,1.2395,"20.00",0.061975
"732","6139",1.95,2.41,1.71,1.5,2.74824561403509,0.622406639004149,1.71052631578947,"31.35",0.0545622429278939
"733","6141",1,-0.68,0.16,0.1,-4.25,-0.147058823529412,0.625,"21.15",0.0295508274231678
"734","6142",-0.92,-0.82,-0.5,0,-1.5088,0,0,"7.67",0
"735","6152",-0.1,-3.54,-1.91,0,-0.185340314136126,0,0,"7.25",0
"736","6153",0.9,2.08,0.96,0.3,1.95,0.144230769230769,0.28125,"36.70",0.00766348773841962
"737","6155",1.02,1.48,1.36,1,1.11,0.675675675675676,0.75,"29.05",0.0258175559380379
"738","6164",-0.27,0.22,0.05,0.1,-1.188,0.454545454545455,-0.54,"7.06",-0.0764872521246459
"739","6165",-0.32,-0.09,0.06,0,0.48,0,0,"17.90",0
"740","6166",1.47,1.12,0.59,1.1,2.79050847457627,0.982142857142857,2.7406779661017,"48.50",0.0565088240433339
"741","6168",0.17,1.15,0.72,1,0.271527777777778,0.869565217391304,0.236111111111111,"13.50",0.0174897119341564
"742","6172",0.29,0.37,0.19,0,0.564736842105263,0,0,"18.90",0
"743","6176",10.98,10.83,7,7,16.9876285714286,0.646352723915051,10.98,"119.50",0.0918828451882845
"744","6177",3.16,0.2,-0.49,0.5,-1.28979591836735,2.5,-3.22448979591837,"28.65",-0.112547636855789
"745","6183",1.44,1.87,1.51,1.66,1.78331125827815,0.887700534759358,1.58304635761589,"37.10",0.0426697131432855
"746","6184",2.62,2.37,1.73,1.38,3.5892485549133,0.582278481012658,2.08994219653179,"40.10",0.052118259265132
"747","6189",2.33,2.92,2.27,2.63,2.99718061674009,0.900684931506849,2.6995154185022,"34.95",0.0772393538913363
"748","6191",1.48,1.1,0.81,0.3,2.00987654320988,0.272727272727273,0.548148148148148,"17.10",0.0320554472601256
"749","6192",5.88,6.95,5.05,3.3,8.09227722772277,0.474820143884892,3.84237623762376,"80.20",0.0479099281499222
"750","6196",2.89,4.4,4.04,3,3.14752475247525,0.681818181818182,2.1460396039604,"85.10",0.0252178566857861
"751","6197",2.17,2.18,1.71,1.35,2.76643274853801,0.619266055045872,1.71315789473684,"32.40",0.0528752436647173
"752","6201",2.38,2.95,1.6,2.7,4.388125,0.915254237288136,4.01625,"35.20",0.114098011363636
"753","6202",3.01,4.7,3.54,4.208,3.99632768361582,0.89531914893617,3.57798870056497,"69.50",0.0514818518066902
"754","6205",1.42,2.01,1.68,1.5,1.69892857142857,0.746268656716418,1.26785714285714,"25.85",0.0490466979828682
"755","6206",4.05,5.6,4.65,4.5,4.87741935483871,0.803571428571429,3.91935483870968,"73.10",0.0536163452627863
"756","6209",-0.71,-0.45,-0.13,0,-2.45769230769231,0,0,"31.05",0
"757","6213",5.94,5.86,4.12,3.8,8.44864077669903,0.648464163822526,5.47864077669903,"130.00",0.0421433905899925
"758","6214",4.07,4.27,3.91,3.8,4.44473145780051,0.889929742388759,3.95549872122762,"75.20",0.0525997170376013
"759","6215",0.35,0.59,0.33,0.5,0.625757575757576,0.847457627118644,0.53030303030303,"15.60",0.033993783993784
"760","6216",1.42,2.28,1.74,1.98399014,1.86068965517241,0.870171114035088,1.61911839011494,"28.00",0.0578256567898194
"761","6224",3.2,4.38,3.63,3.75,3.86115702479339,0.856164383561644,3.30578512396694,"68.80",0.0480492023832404
"762","6225",-0.04,-0.17,-0.14,0,-0.0485714285714286,0,0,"1.70",0
"763","6226",0.21,0.07,0.26,0.039,0.0565384615384615,0.557142857142857,0.0315,"8.22",0.00383211678832117
"764","6230",6.81,6.9,4.6,4.7,10.215,0.681159420289855,6.95804347826087,"281.50",0.0247177388215306
"765","6235",-2.99,1.01,0.65,0.5,-4.646,0.495049504950495,-2.3,"13.30",-0.172932330827068
"766","6239",4.84,8.02,6.27,4.8,6.19087719298246,0.598503740648379,3.70526315789474,"98.80",0.0375026635414447
"767","6243",-0.47,-0.8,-0.56,0,-0.671428571428571,0,0,"10.70",0
"768","6251",0.34,-0.86,-0.98,0,0.298367346938776,0,0,"16.95",0
"769","6257",2.14,3.01,2.42,1.03,2.66173553719008,0.3421926910299,0.910826446280992,"36.80",0.02475071864894
"770","6269",4.79,8.55,4.5,2.5,9.101,0.292397660818713,2.66111111111111,"123.00",0.0216350496838302
"771","6271",3,6.13,4.35,5.59715707,4.22758620689655,0.913076194127243,3.86010832413793,"154.50",0.0249845198973329
"772","6277",3.75,13.19,6.63,8,7.460407239819,0.606520090978014,4.52488687782805,"86.90",0.0520700446240282
"773","6278",4.82,2.68,1.22,1.3,10.5881967213115,0.485074626865672,5.13606557377049,"121.00",0.0424468229237231
"774","6281",3.76,4.09,3.91,3.7,3.93309462915601,0.904645476772616,3.55805626598465,"68.50",0.0519424272406519
"775","6282",2.85,1.95,1.84,1,3.02038043478261,0.512820512820513,1.54891304347826,"24.25",0.0638727028238458
"776","6283",0.15,0.19,0.11,0,0.259090909090909,0,0,"30.10",0
"777","6285",3.06,5.21,3.72,3.5,4.28564516129032,0.671785028790787,2.87903225806452,"75.70",0.0380321302254229
"778","6288",0.94,0.91,0.74,0.55,1.15594594594595,0.604395604395604,0.698648648648649,"26.15",0.0267169655314971
"779","6289",-0.32,0.26,0.44,0,-0.189090909090909,0,0,"0.86",0
"780","6405",0.01,0.09,0.08,0.1,0.01125,1.11111111111111,0.0125,"14.90",0.000838926174496644
"781","6409",19.58,23.18,17.26,20,26.2957358053302,0.862812769628991,22.6882966396292,"708.00",0.0320456167226401
"782","6412",3.49,2.72,1.99,2,4.77025125628141,0.735294117647059,3.50753768844221,"62.70",0.055941589927308
"783","6414",8.73,14.45,10.38,7,12.1530346820809,0.484429065743945,5.88728323699422,"251.00",0.0234553117011722
"784","6415",18.29,20.78,16.47,6.5,23.0762720097146,0.312800769971126,7.21827565270188,"981.00",0.00735807915667878
"785","6416",3.14,5.42,3.93,3.5,4.3304834605598,0.645756457564576,2.79643765903308,"95.90",0.0291599338793856
"786","6431",-0.19,-0.41,-0.14,0,-0.556428571428571,0,0,"28.75",0
"787","6442",0.55,2.34,1.53,1.5,0.841176470588235,0.641025641025641,0.53921568627451,"37.90",0.0142273268146309
"788","6443",-0.26,-2.54,-1.71,0,-0.386198830409357,0,0,"7.71",0
"789","6449",1.12,2.24,2.37,1,1.05856540084388,0.446428571428571,0.472573839662447,"39.30",0.0120247796351768
"790","6451",4.29,2.83,0.84,2.27,14.4532142857143,0.802120141342756,11.5932142857143,"156.50",0.0740780465540849
"791","6452",8.92,14.29,9.04,3.2,14.1003097345133,0.223932820153954,3.15752212389381,"234.50",0.0134649131082892
"792","6456",6.49,11.77,6.91,4,11.0546020260492,0.339847068819031,3.75687409551375,"112.50",0.0333944364045667
"793","6464",3.97,5.21,3.83,2,5.40044386422977,0.383877159309021,2.07310704960836,"114.00",0.018185149557968
"794","6477",1.69,2.42,1.73,0.8,2.36404624277457,0.330578512396694,0.78150289017341,"23.65",0.033044519669066
"795","6491",4.97,9.02,NA,1.5,NA,0.16629711751663,NA,"176.50",NA
"796","6504",5.07,8.16,6.2,5,6.67277419354839,0.612745098039216,4.08870967741935,"138.00",0.0296283309957924
"797","6505",3.12,6.31,6.74,4.8,2.92094955489614,0.760697305863708,2.22195845697329,"101.00",0.0219995886829039
"798","6525",3.96,6.6,5.23,4,4.99732313575526,0.606060606060606,3.02868068833652,"66.70",0.0454075065717619
"799","6531",-5.69,1.55,2.63,0.5,-3.35342205323194,0.32258064516129,-1.08174904942966,"85.80",-0.0126077977789004
"800","6533",0.13,0.97,0.04,0.69708658,3.1525,0.718645958762887,2.265531385,"129.00",0.0175622587984496
"801","6541",-7.13,-8.32,-6.49,0,-9.14046224961479,0,0,"43.55",0
"802","6552",4.55,2.2,1.03,2,9.71844660194175,0.909090909090909,8.83495145631068,"80.50",0.109750949767835
"803","6558",1.72,2.17,1.52,1.20431584,2.45552631578947,0.554984258064516,1.36277845052632,"71.90",0.0189538032062074
"804","6573",-1,0.55,0.11,0.25,-5,0.454545454545455,-2.27272727272727,"24.90",-0.0912741876597298
"805","6579",3.45,6.86,6.18,4.1,3.82961165048544,0.597667638483965,2.28883495145631,"72.70",0.0314832868150799
"806","6581",3.27,7.11,4.68,4.98,4.96788461538462,0.70042194092827,3.47961538461538,"83.60",0.0416221935958778
"807","6582",3.96,4.08,3.25,3.6,4.97132307692308,0.882352941176471,4.38646153846154,"57.80",0.0758903380356667
"808","6591",2.47,3.12,2.7,1.4975892,2.85422222222222,0.479996538461538,1.37001678666667,"59.20",0.0231421754504505
"809","6592",4.55,4.7,NA,3.3,NA,0.702127659574468,NA,"87.10",NA
"810","6605",3.53,5.66,4.25,2.3,4.70112941176471,0.406360424028268,1.91035294117647,"58.70",0.0325443431205532
"811","6625",-1.4,2.43,1.57,1.5,-2.16687898089172,0.617283950617284,-1.3375796178344,"47.35",-0.0282487775677803
"812","6641",5.03,6.86,5.6,3.8,6.16175,0.553935860058309,3.41321428571429,"69.30",0.0492527313955885
"813","6655",1.37,3.5,2.32,0.5,2.06681034482759,0.142857142857143,0.295258620689655,"41.75",0.00707206277100971
"814","6666",7.63,11.09,7.77,7,10.8901801801802,0.631199278629396,6.87387387387387,"175.50",0.0391673725007058
"815","6668",1.46,2.3,2.53,1,1.32727272727273,0.434782608695652,0.577075098814229,"91.80",0.00628622111998071
"816","6669",25.18,38,29.62,16,32.303848750844,0.421052631578947,13.6016205266712,"625.00",0.0217625928426739
"817","6670",11.03,16.85,12.13,11,15.3219703215169,0.652818991097923,10.002473206925,"183.50",0.0545093907734331
"818","6671",1.95,3.28,2.52,3,2.53809523809524,0.914634146341463,2.32142857142857,"37.05",0.06265664160401
"819","6672",5.32,6.75,5.83,3.66,6.15951972555746,0.542222222222222,3.33982847341338,"93.80",0.035605847264535
"820","6674",0.28,3.02,2.61,1.8,0.323984674329502,0.596026490066225,0.193103448275862,"29.00",0.00665873959571938
"821","6698",3.07,2.25,NA,1,NA,0.444444444444444,NA,"89.50",NA
"822","6706",4.79,5.31,NA,4,NA,0.753295668549906,NA,"134.00",NA
"823","6715",2.31,5.01,NA,0.5,NA,0.0998003992015968,NA,"91.00",NA
"824","8011",-0.67,0.01,0.1,0,-0.067,0,0,"17.60",0
"825","8016",7.73,7.03,5.29,5,10.2725708884688,0.711237553342816,7.3062381852552,"167.00",0.0437499292530251
"826","8021",1.11,1.69,1.19,1.2,1.57638655462185,0.710059171597633,1.11932773109244,"22.80",0.049093321539142
"827","8028",2.07,1.87,1.3,1.6,2.97761538461538,0.855614973262032,2.54769230769231,"72.50",0.0351405835543767
"828","8033",-0.18,-0.45,-0.02,0,-4.05,0,0,"9.98",0
"829","8039",2.25,3.22,2.36,2,3.06991525423729,0.62111801242236,1.90677966101695,"51.40",0.0370968805645321
"830","8046",0.04,-0.9,-1.31,0,0.0274809160305344,0,0,"46.65",0
"831","8070",14.19,13.47,9.6,12,19.91034375,0.89086859688196,17.7375,"176.50",0.100495750708215
"832","8072",-0.91,-0.25,-0.14,0.5,-1.625,-2,3.25,"20.25",0.160493827160494
"833","8081",6.55,5.53,4.12,5,8.79162621359223,0.904159132007233,7.94902912621359,"127.50",0.0623453264801066
"834","8101",-0.3,-3.41,-3.6,0,-0.284166666666667,0,0,"6.65",0
"835","8103",1.9,2.51,1.97,1,2.42081218274112,0.398406374501992,0.964467005076142,"26.95",0.0357872729156268
"836","8104",1.14,5.66,4.72,3,1.36703389830508,0.530035335689046,0.724576271186441,"55.40",0.0130789940647372
"837","8105",1.63,-0.3,0.38,0,-1.28684210526316,0,0,"14.00",0
"838","8110",0.01,0.78,0.56,0.3,0.0139285714285714,0.384615384615385,0.00535714285714286,"11.35",0.000471994965387036
"839","8112",2.5,3.85,3.06,3,3.14542483660131,0.779220779220779,2.45098039215686,"30.55",0.0802284907416322
"840","8114",4.96,8.52,7.42,6.2,5.69530997304582,0.727699530516432,4.144474393531,"105.50",0.0392841174742275
"841","8131",2.16,3.21,2.69,2.5,2.57754646840149,0.778816199376947,2.00743494423792,"37.10",0.0541087586047956
"842","8150",2.83,1.37,0.71,1.2,5.46070422535211,0.875912408759124,4.7830985915493,"34.20",0.13985668396343
"843","8163",2.39,5.43,4.21,3.5,3.0825890736342,0.644567219152855,1.98693586698337,"44.30",0.0448518254398053
"844","8201",-0.67,-0.47,-0.59,0,-0.533728813559322,0,0,"11.05",0
"845","8210",5.16,5.37,3.09,4,8.9673786407767,0.74487895716946,6.67961165048544,"89.00",0.0750518162975892
"846","8213",3.42,4.38,2.86,2.2,5.23762237762238,0.502283105022831,2.63076923076923,"36.35",0.0723732938313406
"847","8215",0.7,1.02,0.74,0.6,0.964864864864865,0.588235294117647,0.567567567567568,"18.70",0.0303512068217951
"848","8222",0.66,0.7,0.5,0.5,0.924,0.714285714285714,0.66,"18.35",0.0359673024523161
"849","8249",1.57,1.62,1.21,1.3,2.10198347107438,0.802469135802469,1.68677685950413,"23.60",0.0714735957417005
"850","8261",0.57,2.04,1.58,1,0.735949367088607,0.490196078431373,0.360759493670886,"29.30",0.012312610705491
"851","8271",2.74,3.56,2.91,2.5,3.35202749140893,0.702247191011236,2.35395189003436,"42.90",0.0548706734273745
"852","8341",6.52,7.38,4.98,6.5,9.66216867469879,0.880758807588076,8.51004016064257,"240.00",0.035458500669344
"853","8367",1.14,1.96,1.12,1,1.995,0.510204081632653,1.01785714285714,"28.20",0.0360942249240122
"854","8374",-0.36,1.28,1.38,0.5,-0.333913043478261,0.390625,-0.130434782608696,"22.40",-0.00582298136645963
"855","8404",0.9,1.09,0.53,0.2,1.85094339622642,0.18348623853211,0.339622641509434,"44.75",0.00758933277116054
"856","8411",-0.76,-0.79,-0.71,0,-0.845633802816901,0,0,"16.00",0
"857","8422",7.76,12.13,9.51,10,9.89787592008412,0.824402308326463,8.15983175604627,"156.00",0.0523066138208094
"858","8427",-0.38,-0.48,-2.45,0,-0.0744489795918367,0,0,"48.50",0
"859","8429",0.43,2.24,1.56,0.13,0.617435897435897,0.0580357142857143,0.0358333333333333,"11.80",0.00303672316384181
"860","8442",2.9,1.83,0.17,1.5,31.2176470588235,0.819672131147541,25.5882352941176,"55.20",0.463554987212276
"861","8443",-0.68,0.23,0.06,0.28,-2.60666666666667,1.21739130434783,-3.17333333333333,"11.05",-0.287179487179487
"862","8454",6.96,10.35,7.43,6.9216,9.69528936742934,0.668753623188406,6.4837598923284,"290.00",0.0223577927321669
"863","8462",5.32,7.69,4.84,4.34866204,8.45264462809917,0.565495713914174,4.77993430842975,"197.50",0.0242021990300241
"864","8463",0.35,0.77,0.42,0.7,0.641666666666667,0.909090909090909,0.583333333333333,"42.65",0.0136772176631497
"865","8464",11.4,12.39,9.05,10,15.6072928176796,0.807102502017756,12.5966850828729,"276.50",0.0455576314027954
"866","8466",4.65,4.7,2.45,3,8.92040816326531,0.638297872340425,5.69387755102041,"70.00",0.0813411078717201
"867","8467",2.42,2.61,2.09,0.8,3.02210526315789,0.306513409961686,0.926315789473684,"66.00",0.0140350877192982
"868","8473",1.62,2.78,2.17,2.55563291,2.07539170506912,0.919292413669065,1.90789184986175,"49.25",0.0387389208093757
"869","8478",-1.41,3.85,-0.29,2,18.7189655172414,0.519480519480519,9.72413793103448,"44.05",0.220752279932678
"870","8480",6,7.61,5.56,5.3,8.21223021582734,0.696452036793692,5.71942446043166,"135.50",0.0422097746157318
"871","8481",2.45,3.35,2.31,2.85,3.5530303030303,0.850746268656716,3.02272727272727,"59.00",0.0512326656394453
"872","8482",5.99,9.7,7.09,8,8.1950634696756,0.824742268041237,6.75881523272214,"139.00",0.0486245700195838
"873","8488",0.49,-2.98,-3.15,0,0.463555555555556,0,0,"16.65",0
"874","8497",2.59,5.16,2.8,3.5,4.773,0.678294573643411,3.2375,"53.60",0.0604011194029851
"875","8499",6.4,7.94,4.87,5,10.4344969199179,0.629722921914358,6.57084188911704,"106.50",0.0616980459072023
"876","8926",1.56,1.14,1.41,1.5,1.26127659574468,1.31578947368421,1.65957446808511,"29.90",0.0555041628122109
"877","8940",-1.18,-0.51,-1.13,0,-0.532566371681416,0,0,"11.75",0
"878","8996",1.75,2.57,2.33,1.65,1.93025751072961,0.642023346303502,1.23927038626609,"58.00",0.0213667307976913
"879","9802",5.65,5.1,3.77,3.68,7.64323607427056,0.72156862745098,5.51511936339523,"133.50",0.0413117555310504
"880","9902",0.31,0.12,0.01,0.3,3.72,2.5,9.3,"10.50",0.885714285714286
"881","9904",3.85,3.63,2.88,1.5,4.85260416666667,0.413223140495868,2.00520833333333,"39.70",0.0505090260285474
"882","9905",1.27,1.47,1.21,1,1.54289256198347,0.680272108843537,1.0495867768595,"24.50",0.0428402766065104
"883","9906",-0.77,-0.36,-0.18,0,-1.54,0,0,"21.35",0
"884","9907",0.34,0.94,0.8,0.47,0.3995,0.5,0.19975,"11.70",0.0170726495726496
"885","9908",1.42,1.32,1.17,1.1,1.60205128205128,0.833333333333333,1.33504273504274,"31.60",0.0422481878178081
"886","9910",6.71,7.88,5.62,6.7,9.40832740213523,0.850253807106599,7.99946619217082,"196.00",0.0408136030212797
"887","9911",2.43,3.65,2.38,2.65,3.72668067226891,0.726027397260274,2.70567226890756,"47.50",0.0569615214506856
"888","9912",-0.73,0.23,0.17,0,-0.987647058823529,0,0,"8.44",0
"889","9914",6.39,5.72,4.07,3.5,8.98054054054054,0.611888111888112,5.49508599508599,"175.00",0.0314004914004914
"890","9917",3.64,4.64,3.42,4,4.93847953216374,0.862068965517241,4.25730994152047,"88.30",0.0482141556231084
"891","9918",1.16,1.27,1.02,1.15,1.4443137254902,0.905511811023622,1.3078431372549,"34.30",0.0381295375292974
"892","9919",-0.1,-0.08,-0.03,0,-0.266666666666667,0,0,"11.00",0
"893","9921",7.32,7.64,5.48,4.6,10.2052554744526,0.602094240837696,6.14452554744525,"206.50",0.0297555716583305
"894","9924",3.62,3.68,2.66,2.4,5.00812030075188,0.652173913043478,3.26616541353383,"44.05",0.0741467744275558
"895","9925",1.63,2.18,1.8,1.98,1.97411111111111,0.908256880733945,1.793,"37.50",0.0478133333333333
"896","9926",1.73,1.82,1.45,1.5,2.17144827586207,0.824175824175824,1.78965517241379,"--",NA
"897","9927",1.98,1.75,1.47,1.38,2.35714285714286,0.788571428571428,1.85877551020408,"32.60",0.0570176536872418
"898","9928",-0.7,-1.27,-1.22,0,-0.728688524590164,0,0,"4.92",0
"899","9929",-0.8,0.32,0.07,0,-3.65714285714286,0,0,"--",NA
"900","9930",2.58,3.36,2.36,2,3.67322033898305,0.595238095238095,2.1864406779661,"50.20",0.0435545951786076
"901","9931",1.58,2.07,1.78,1.3,1.83741573033708,0.628019323671498,1.15393258426966,"35.50",0.0325051432188637
"902","9933",0.69,2.4,1.71,2.255,0.968421052631579,0.939583333333333,0.909912280701754,"37.70",0.024135604262646
"903","9934",1.29,1.69,1.08,1.3,2.01861111111111,0.769230769230769,1.55277777777778,"18.00",0.0862654320987654
"904","9935",1.34,1.43,1.16,0,1.65189655172414,0,0,"40.85",0
"905","9937",1.88,2.38,1.87,2,2.39272727272727,0.840336134453782,2.01069518716577,"45.40",0.0442884402459422
"906","9938",3.85,4.57,3.25,2.6,5.41369230769231,0.568927789934354,3.08,"84.80",0.0363207547169811
"907","9939",4.16,3.73,3.74,2.3,4.14887700534759,0.616621983914209,2.55828877005348,"63.00",0.0406077582548171
"908","9940",1.36,2.04,0.92,1.3,3.01565217391304,0.637254901960784,1.92173913043478,"31.75",0.0605272167066073
"909","9941",6.93,9.27,6.73,5.5,9.54548291233284,0.593311758360302,5.66344725111441,"114.50",0.0494624214071128
"910","9942",3.86,5.28,4.03,4.2,5.05727047146402,0.795454545454545,4.02282878411911,"69.80",0.0576336502022795
"911","9943",4.44,6.06,4.64,5.4,5.79879310344828,0.891089108910891,5.16724137931035,"71.30",0.0724718286018281
"912","9944",0.02,0.01,0.16,0,0.00125,0,0,"17.30",0
"913","9945",10.66,7.22,6.24,0,12.3341666666667,0,0,"45.10",0
"914","9946",4.24,1.23,0.5,0,10.4304,0,0,"27.15",0
"915","9955",0.34,-2.62,-2.44,0,0.365081967213115,0,0,"19.90",0
"916","9958",2.91,0.17,0.19,0.29993241,2.60368421052632,1.76430829411765,4.59370164789474,"71.40",0.0643375580937638
"917","2880",1.07,1.27,1.02,0.545,1.33225490196078,0.429133858267717,0.57171568627451,"22.05",0.0259281490373927
"918","2881",4.99,4.52,4.77,2,4.72846960167715,0.442477876106195,2.09224318658281,"46.75",0.044753864953643
"919","2882",3.86,3.95,4.18,1.2,3.64760765550239,0.30379746835443,1.10813397129187,"42.80",0.0258909806376604
"920","2883",0.73,0.54,0.59,0.245,0.668135593220339,0.453703703703704,0.303135593220339,"9.76",0.0310589747151987
"921","2884",1.36,1.58,1.23,0.71,1.7469918699187,0.449367088607595,0.785040650406504,"28.00",0.0280371660859466
"922","2885",1.47,1.59,1.42,0.9,1.64598591549296,0.566037735849057,0.93169014084507,"20.25",0.0460093896713615
"923","2886",1.67,2.07,1.69,1.7,2.04550295857988,0.821256038647343,1.67988165680473,"30.80",0.0545416122339199
"924","2887",0.99,1.09,0.97,0.50838555,1.11247422680412,0.46640876146789,0.51886772628866,"14.55",0.0356610121160591
"925","2888",1.55,0.89,1.76,0,0.783806818181818,0,0,"10.35",0
"926","2889",0.75,0.72,0.55,0.45,0.981818181818182,0.625,0.613636363636364,"11.50",0.0533596837944664
"927","2890",0.84,0.84,0.7,0.636,1.008,0.757142857142857,0.7632,"13.05",0.0584827586206897
"928","2891",1.92,1.85,1.6,1,2.22,0.54054054054054,1.2,"22.45",0.0534521158129176
"929","2892",1.23,1.4,1.16,1,1.48448275862069,0.714285714285714,1.06034482758621,"23.85",0.0444589026241596
"930","5880",1,1.24,0.97,0.75,1.27835051546392,0.604838709677419,0.77319587628866,"20.90",0.0369950180042421
"931","2816",3.03,2.84,2.5,0.9,3.44208,0.316901408450704,1.0908,"22.55",0.0483725055432372
"932","2823",3.1,2.54,2.62,0,3.00534351145038,0,0,"25.70",0
"933","2832",1.6,1.55,1.48,0.9,1.67567567567568,0.580645161290323,0.972972972972973,"20.90",0.0465537307642571
"934","2850",3.5,5.6,4.45,2.65,4.40449438202247,0.473214285714286,2.08426966292135,"38.85",0.0536491547727503
"935","2851",1.75,1.78,1.46,0.9,2.13356164383562,0.50561797752809,1.07876712328767,"20.05",0.0538038465480135
"936","2852",1.47,1.63,1.87,0.49,1.28133689839572,0.300613496932515,0.385187165775401,"14.65",0.0262926393020752
"937","2867",1.47,-0.14,0.18,0,-1.14333333333333,0,0,"11.60",0
"938","1409",0.98,1.52,1.26,0.85,1.18222222222222,0.559210526315789,0.661111111111111,"12.20",0.0541894353369763
"939","1718",-0.45,1.13,1.11,0.1,-0.458108108108108,0.088495575221239,-0.0405405405405405,"8.22",-0.00493193923850858
"940","2207",16.2,18.36,14.03,12,21.19971489665,0.65359477124183,13.856022808268,"677.00",0.0204667988305288
"941","2905",3.33,0.43,0.64,0,2.23734375,0,0,"21.55",0
